Feat,Z,p,CI_lower,CI_upper,Group,q,Z_abs,Feature,Importance,Feature domain
SpeechRate,-6.308524429729269,2.817082709839103e-10,-8.268488414269322,-4.348560445189215,acoustics,7.549781662368796e-08,6.308524429729269,SpeechRate,0.003121830723279646,acoustics
NrofSafe,-1.6848387096867072,0.09201969421673872,-3.644802694226761,0.2751252748533468,acoustics,0.2971238319287467,1.6848387096867072,NrofSafe,0.003602692161427001,acoustics
SpeechTime,0.364401905698052,0.7155579126215413,-1.595562078842002,2.3243658902381057,acoustics,0.9359124759184778,0.364401905698052,SpeechTime,0.0023628429455817934,acoustics
TotInternuclDur,-0.960633211879437,0.3367366234256721,-2.9205971964194912,0.999330772660617,acoustics,0.6446101077005724,0.960633211879437,TotInternuclDur,0.008029327523008969,acoustics
TotPauseDur,1.1393742987081683,0.25454707100769947,-0.8205896858318856,3.099338283248222,acoustics,0.5531604225374056,1.1393742987081683,TotPauseDur,0.005260759274283337,acoustics
PropPause,1.5054704589935624,0.13220316620031042,-0.45449352554649164,3.4654344435336166,acoustics,0.3688388862217706,1.5054704589935624,PropPause,0.009573604183934806,acoustics
F0MedianInST,-0.06875045630593954,0.9451882548590114,-2.028714440845994,1.8912135282341145,acoustics,0.9823072448314908,0.06875045630593954,F0MedianInST,0.0,acoustics
PitchMeanST,-0.328311325442389,0.7426762818824006,-2.288275309982443,1.631652659097665,acoustics,0.9359124759184778,0.328311325442389,PitchMeanST,0.0011620610788268236,acoustics
PitchStdevST,-2.733450963029238,0.00626744551130101,-4.693414947569291,-0.773486978489184,acoustics,0.052489856157145964,2.733450963029238,PitchStdevST,0.006127137908691007,acoustics
PitchRange,-2.3220406790671464,0.020230745341684054,-4.282004663607201,-0.36207669452709246,acoustics,0.09036399585952211,2.3220406790671464,PitchRange,0.003723269377774605,acoustics
PitchTopST,-2.323213662230583,0.020167677190438757,-4.283177646770636,-0.36324967769052874,acoustics,0.09036399585952211,2.323213662230583,PitchTopST,0.0,acoustics
PitchBottomST,-0.04002377558221368,0.9680741713034483,-1.9999877601222675,1.9199402089578401,acoustics,0.9827302713025258,0.04002377558221368,PitchBottomST,0.0045897254464325596,acoustics
RawF0_p25,0.6905326207997137,0.48985930322333704,-1.2694313637403403,2.6504966053397676,acoustics,0.8231063838908905,0.6905326207997137,RawF0_p25,0.000707756095392817,acoustics
RawF0_p50,0.5734185202880666,0.5663613534139116,-1.3865454642519874,2.5333825048281207,acoustics,0.8412756970535387,0.5734185202880666,RawF0_p50,0.002452699655276984,acoustics
RawF0_p75,0.26349922142032456,0.7921658235700049,-1.6964647631197296,2.2234632059603787,acoustics,0.9359124759184778,0.26349922142032456,RawF0_p75,0.011471617663407884,acoustics
PropLevel,-3.294102548739818,0.0009873646925404062,-5.254066533279873,-1.334138564199764,acoustics,0.0159543435294158,3.294102548739818,PropLevel,0.020224679244716496,acoustics
Gliss,-2.488120881550334,0.012842007521190479,-4.4480848660903884,-0.5281568970102799,acoustics,0.07322676629104358,2.488120881550334,Gliss,0.00672502249563975,acoustics
Rises,-2.4166461423121173,0.01566423676373994,-4.376610126852171,-0.456682157772063,acoustics,0.0792078387298548,2.4166461423121173,Rises,0.006024645131552027,acoustics
Falls,-1.5412359179698452,0.12325937873948054,-3.501199902509899,0.4187280665702089,acoustics,0.35905992937153025,1.5412359179698452,Falls,0.0004384844750863526,acoustics
TrajIntra,-2.5947112472381972,0.009467041658817926,-4.554675231778251,-0.6347472626981431,acoustics,0.06342917911408011,2.5947112472381972,TrajIntra,0.0008835852623863044,acoustics
TrajInter,-3.7425712689877653,0.0001821468493427481,-5.702535253527819,-1.7826072844477114,acoustics,0.0054239284026507215,3.7425712689877653,TrajInter,0.005943464657931104,acoustics
TrajPhon,-4.170238346938942,3.0428123227864162e-05,-6.130202331478997,-2.210274362398888,acoustics,0.0016309474050135192,4.170238346938942,TrajPhon,0.0,acoustics
TrajIntraZ,-0.7600107568239913,0.4472481550657519,-2.7199747413640454,1.1999532277160627,acoustics,0.7969592445958701,0.7600107568239913,TrajIntraZ,0.024425431418384012,acoustics
TrajPhonZ,-3.171368554842499,0.0015172251463189904,-5.131332539382553,-1.2114045703024445,acoustics,0.020482976734995863,3.171368554842499,TrajPhonZ,0.0007058250945995908,acoustics
NuclDurMean,5.214773471474758,1.8404200307465374e-07,3.254809486934704,7.174737456014813,acoustics,1.64410856080024e-05,5.214773471474758,NuclDurMean,0.0,acoustics
NuclDurStdev,3.7714348738569057,0.00016231152231184807,1.8114708893168514,5.731398858396959,acoustics,0.0054239284026507215,3.7714348738569057,NuclDurStdev,0.0010882936072409278,acoustics
nPVI_nucldur,3.601369107353984,0.00031654578433354375,1.64140512281393,5.561333091894038,acoustics,0.00771220638194452,3.601369107353984,nPVI_nucldur,0.004092620410289385,acoustics
NuclDurMedian,5.286408891229328,1.247408993486353e-07,3.326444906689274,7.246372875769383,acoustics,1.64410856080024e-05,5.286408891229328,NuclDurMedian,0.0034155928865650443,acoustics
F0semitoneFrom27_5Hz_sma3nz_amean,0.1589682229739623,0.873693909817782,-1.8009957615660916,2.1189322075140162,acoustics,0.9666098965813783,0.1589682229739623,F0semitoneFrom27_5Hz_sma3nz_amean,0.0015646750674155265,acoustics
F0semitoneFrom27_5Hz_sma3nz_stddevNorm,-2.1037453326253774,0.03540066776644653,-4.063709317165432,-0.14378134808532345,acoustics,0.14595967632934875,2.1037453326253774,F0semitoneFrom27_5Hz_sma3nz_stddevNorm,0.007343606500585531,acoustics
F0semitoneFrom27_5Hz_sma3nz_percentile20_0,0.6993367757962036,0.4843415893083275,-1.2606272087438506,2.6593007603362575,acoustics,0.8215414299660238,0.6993367757962036,F0semitoneFrom27_5Hz_sma3nz_percentile20_0,0.004706888999549593,acoustics
F0semitoneFrom27_5Hz_sma3nz_percentile50_0,0.21344296998873669,0.8309814674096803,-1.746521014551317,2.1734069545287906,acoustics,0.9396752458472333,0.21344296998873669,F0semitoneFrom27_5Hz_sma3nz_percentile50_0,0.0031712450368079643,acoustics
F0semitoneFrom27_5Hz_sma3nz_percentile80_0,-0.2944093216926401,0.7684451447140407,-2.2543733062326945,1.6655546628474138,acoustics,0.9359124759184778,0.2944093216926401,F0semitoneFrom27_5Hz_sma3nz_percentile80_0,0.0027720328035992373,acoustics
F0semitoneFrom27_5Hz_sma3nz_pctlrange0_2,-1.5230917038101452,0.1277357641387595,-3.483055688350199,0.4368722807299087,acoustics,0.36125656270273554,1.5230917038101452,F0semitoneFrom27_5Hz_sma3nz_pctlrange0_2,0.00631756947908767,acoustics
F0semitoneFrom27_5Hz_sma3nz_meanRisingSlope,-1.3212241496004329,0.18642663629933365,-3.281188134140487,0.6387398349396214,acoustics,0.45430373179321054,1.3212241496004329,F0semitoneFrom27_5Hz_sma3nz_meanRisingSlope,0.01936430269709162,acoustics
F0semitoneFrom27_5Hz_sma3nz_stddevRisingSlope,0.05276134863138068,0.9579220579063671,-1.9072026359086733,2.012725333171435,acoustics,0.9827302713025258,0.05276134863138068,F0semitoneFrom27_5Hz_sma3nz_stddevRisingSlope,0.0049201488715445475,acoustics
F0semitoneFrom27_5Hz_sma3nz_meanFallingSlope,-3.2871610850203314,0.0010120292537315991,-5.2471250695603855,-1.3271971004802772,acoustics,0.0159543435294158,3.2871610850203314,F0semitoneFrom27_5Hz_sma3nz_meanFallingSlope,0.007610449633704838,acoustics
F0semitoneFrom27_5Hz_sma3nz_stddevFallingSlope,-2.635919578674241,0.008390961584282522,-4.595883563214295,-0.6759555941341866,acoustics,0.06201263959720816,2.635919578674241,F0semitoneFrom27_5Hz_sma3nz_stddevFallingSlope,0.0007659900240111534,acoustics
loudness_sma3_stddevNorm,0.23675241234021507,0.8128488714532496,-1.723211572199839,2.196716396880269,acoustics,0.9380628191747995,0.23675241234021507,loudness_sma3_stddevNorm,0.0,acoustics
loudness_sma3_percentile20_0,-0.9648684624559155,0.33461069949277666,-2.92483244699597,0.9950955220841385,acoustics,0.6446101077005724,0.9648684624559155,loudness_sma3_percentile20_0,0.004489751271445786,acoustics
loudness_sma3_percentile50_0,-1.0515759792226567,0.29299413327477963,-3.011539963762711,0.9083880053173975,acoustics,0.5943566034209559,1.0515759792226567,loudness_sma3_percentile50_0,0.011031424028774989,acoustics
loudness_sma3_percentile80_0,-0.7231774924686097,0.4695708449254733,-2.683141477008664,1.2367864920714444,acoustics,0.8119031383227538,0.7231774924686097,loudness_sma3_percentile80_0,0.009312461993203673,acoustics
loudness_sma3_pctlrange0_2,-0.6039830571106348,0.545854906646957,-2.563947041650689,1.3559809274294192,acoustics,0.8412756970535387,0.6039830571106348,loudness_sma3_pctlrange0_2,0.009242793066634163,acoustics
loudness_sma3_meanRisingSlope,-2.49872345437427,0.012464153474962748,-4.458687438914324,-0.5387594698342156,acoustics,0.07261724198456558,2.49872345437427,loudness_sma3_meanRisingSlope,0.0,acoustics
loudness_sma3_stddevRisingSlope,-3.1306305111929986,0.0017443147293989038,-5.090594495733053,-1.1706665266529446,acoustics,0.022260778451376483,3.1306305111929986,loudness_sma3_stddevRisingSlope,0.005327158276566916,acoustics
loudness_sma3_meanFallingSlope,-2.0924755630985366,0.03639599551835556,-4.05243954763859,-0.1325115785584825,acoustics,0.14778979998362562,2.0924755630985366,loudness_sma3_meanFallingSlope,0.0,acoustics
loudness_sma3_stddevFallingSlope,-2.441290426885184,0.014634879921025386,-4.4012544114252385,-0.48132644234513,acoustics,0.07690485919283929,2.441290426885184,loudness_sma3_stddevFallingSlope,0.0009127041739661466,acoustics
spectralFlux_sma3_amean,-2.0248853447104214,0.04287913880136373,-3.9848493292504754,-0.06492136017036745,acoustics,0.16416584569664971,2.0248853447104214,spectralFlux_sma3_amean,0.0006015422171329133,acoustics
spectralFlux_sma3_stddevNorm,-1.2809408339698505,0.20021444864373972,-3.2409048185099048,0.6790231505702038,acoustics,0.4790845735403772,1.2809408339698505,spectralFlux_sma3_stddevNorm,0.0007717251945573474,acoustics
mfcc1_sma3_amean,-0.5163632437042595,0.605600732453268,-2.476327228244313,1.4436007408357945,acoustics,0.8773026826890584,0.5163632437042595,mfcc1_sma3_amean,0.001177092337542554,acoustics
mfcc2_sma3_amean,-0.4439563173482434,0.6570741663553504,-2.4039203018882973,1.5160076671918106,acoustics,0.91716602387101,0.4439563173482434,mfcc2_sma3_amean,0.0,acoustics
mfcc2_sma3_stddevNorm,-1.2110887039915859,0.22586141017993144,-3.1710526885316397,0.7488752805484682,acoustics,0.5173577600702703,1.2110887039915859,mfcc2_sma3_stddevNorm,0.0,acoustics
mfcc3_sma3_stddevNorm,2.547776506792785,0.010841190026669757,0.5878125222527306,4.5077404913328385,acoustics,0.067568347142965,2.547776506792785,mfcc3_sma3_stddevNorm,0.005774931973581652,acoustics
mfcc4_sma3_amean,0.6830607125292503,0.4945684795356864,-1.2769032720108038,2.6430246970693045,acoustics,0.8232568479227574,0.6830607125292503,mfcc4_sma3_amean,0.01106877022795134,acoustics
mfcc4_sma3_stddevNorm,-0.5931485436613066,0.5530817456034417,-2.5531125282013605,1.3668154408787474,acoustics,0.8412756970535387,0.5931485436613066,mfcc4_sma3_stddevNorm,0.003391880131047372,acoustics
jitterLocal_sma3nz_amean,-2.470897566398172,0.013477441728363133,-4.430861550938226,-0.5109335818581178,acoustics,0.0752490496500275,2.470897566398172,jitterLocal_sma3nz_amean,0.0,acoustics
jitterLocal_sma3nz_stddevNorm,0.278452727423219,0.7806648485885929,-1.6815112571168351,2.238416711963273,acoustics,0.9359124759184778,0.278452727423219,jitterLocal_sma3nz_stddevNorm,0.0020195108595071165,acoustics
shimmerLocaldB_sma3nz_amean,-3.1692021580285763,0.0015285803533579,-5.12916614256863,-1.2092381734885222,acoustics,0.020482976734995863,3.1692021580285763,shimmerLocaldB_sma3nz_amean,0.0030206953870217466,acoustics
HNRdBACF_sma3nz_amean,1.2317817518279317,0.21803062169098164,-0.7281822327121221,3.1917457363679858,acoustics,0.5037259190791645,1.2317817518279317,HNRdBACF_sma3nz_amean,0.020429477248255157,acoustics
HNRdBACF_sma3nz_stddevNorm,-0.6159443855807883,0.5379312257964655,-2.5759083701208425,1.3440195989592658,acoustics,0.8412756970535387,0.6159443855807883,HNRdBACF_sma3nz_stddevNorm,0.003134145495026723,acoustics
logRelF0_H1_H2_sma3nz_amean,-1.0473014811423766,0.2949605531902505,-3.0072654656824307,0.9126625033976774,acoustics,0.5943566034209559,1.0473014811423766,logRelF0_H1_H2_sma3nz_amean,0.006016009307681199,acoustics
logRelF0_H1_H2_sma3nz_stddevNorm,-0.8933546306961953,0.37166729068210724,-2.8533186152362493,1.0666093538438588,acoustics,0.6965512860335995,0.8933546306961953,logRelF0_H1_H2_sma3nz_stddevNorm,0.0009037302221434806,acoustics
logRelF0_H1_A3_sma3nz_amean,0.22935327851820428,0.8185943466229976,-1.7306107060218496,2.1893172630582582,acoustics,0.9380628191747995,0.22935327851820428,logRelF0_H1_A3_sma3nz_amean,0.0,acoustics
logRelF0_H1_A3_sma3nz_stddevNorm,-2.1351257616343053,0.0327507388562752,-4.095089746174359,-0.17516177709425118,acoustics,0.13932060338859925,2.1351257616343053,logRelF0_H1_A3_sma3nz_stddevNorm,0.001070376894068304,acoustics
F1frequency_sma3nz_stddevNorm,0.9934864985555976,0.32047292689517337,-0.9664774859844564,2.9534504830956516,acoustics,0.6269105431234049,0.9934864985555976,F1frequency_sma3nz_stddevNorm,0.004361720476799552,acoustics
F1bandwidth_sma3nz_amean,2.0312880056651954,0.04222578738523301,0.07132402112514155,3.9912519902052495,acoustics,0.16416584569664971,2.0312880056651954,F1bandwidth_sma3nz_amean,0.0005628780683304705,acoustics
F1bandwidth_sma3nz_stddevNorm,-0.015394381921510993,0.9877175454739707,-1.9753583664615653,1.9445696026185428,acoustics,0.9877175454739707,0.015394381921510993,F1bandwidth_sma3nz_stddevNorm,0.004553916737611483,acoustics
F1amplitudeLogRelF0_sma3nz_amean,-0.6239209495749105,0.5326795012876694,-2.583884934114965,1.3360430349651435,acoustics,0.8412756970535387,0.6239209495749105,F1amplitudeLogRelF0_sma3nz_amean,0.0,acoustics
F1amplitudeLogRelF0_sma3nz_stddevNorm,-0.2234570832798083,0.8231797812210159,-2.1834210678198622,1.7365069012602459,acoustics,0.9380628191747995,0.2234570832798083,F1amplitudeLogRelF0_sma3nz_stddevNorm,0.0015517117487941284,acoustics
F2frequency_sma3nz_amean,-1.4972049460121517,0.13433993881056008,-3.4571689305522058,0.4627590385279024,acoustics,0.3688388862217706,1.4972049460121517,F2frequency_sma3nz_amean,0.006352898194960742,acoustics
F2frequency_sma3nz_stddevNorm,1.0171289926648435,0.3090920696612588,-0.9428349918752106,2.9770929772048973,acoustics,0.6090931960971864,1.0171289926648435,F2frequency_sma3nz_stddevNorm,0.0014673469471805551,acoustics
F2bandwidth_sma3nz_amean,1.9819659114156603,0.047483056038863276,0.0220019268756063,3.9419298959557145,acoustics,0.17432135641664873,1.9819659114156603,F2bandwidth_sma3nz_amean,0.0022739648317564383,acoustics
F2bandwidth_sma3nz_stddevNorm,-1.4018877229695734,0.16094877716783018,-3.3618517075096275,0.5580762615704807,acoustics,0.41877934253377175,1.4018877229695734,F2bandwidth_sma3nz_stddevNorm,0.0015805498686722042,acoustics
F2amplitudeLogRelF0_sma3nz_amean,-0.2793067364623441,0.7800094369821367,-2.2392707210023985,1.68065724807771,acoustics,0.9359124759184778,0.2793067364623441,F2amplitudeLogRelF0_sma3nz_amean,0.001549994521810802,acoustics
F2amplitudeLogRelF0_sma3nz_stddevNorm,-0.794295798860884,0.4270232492032128,-2.7542597834009377,1.16566818567917,acoustics,0.7732202128548927,0.794295798860884,F2amplitudeLogRelF0_sma3nz_stddevNorm,0.0008041242260888761,acoustics
F3frequency_sma3nz_amean,-1.524320405529238,0.12742869220318723,-3.484284390069292,0.4356435790108159,acoustics,0.36125656270273554,1.524320405529238,F3frequency_sma3nz_amean,0.003117505119089243,acoustics
F3frequency_sma3nz_stddevNorm,1.572152244336799,0.11591524766063316,-0.3878117402032549,3.532116228876853,acoustics,0.34516984858944094,1.572152244336799,F3frequency_sma3nz_stddevNorm,0.004526681670383425,acoustics
F3bandwidth_sma3nz_amean,1.3508811574100743,0.17673350504251883,-0.6090828271299797,3.3108451419501286,acoustics,0.44683565425844385,1.3508811574100743,F3bandwidth_sma3nz_amean,0.0,acoustics
F3amplitudeLogRelF0_sma3nz_amean,-0.43110018186160554,0.6663955284133218,-2.391064166401659,1.5288638026784485,acoustics,0.9242514709650517,0.43110018186160554,F3amplitudeLogRelF0_sma3nz_amean,0.016320765032861735,acoustics
F3amplitudeLogRelF0_sma3nz_stddevNorm,-0.4464321667694267,0.6552851015582455,-2.406396151309481,1.5135318177706274,acoustics,0.91716602387101,0.4464321667694267,F3amplitudeLogRelF0_sma3nz_stddevNorm,0.003428903306575616,acoustics
hammarbergIndexV_sma3nz_amean,-0.3086011154572595,0.757624972240591,-2.2685650999973137,1.6513628690827944,acoustics,0.9359124759184778,0.3086011154572595,hammarbergIndexV_sma3nz_amean,0.0013635745653770301,acoustics
hammarbergIndexV_sma3nz_stddevNorm,-0.31260457013928966,0.7545811055652792,-2.272568554679344,1.6473594144007644,acoustics,0.9359124759184778,0.31260457013928966,hammarbergIndexV_sma3nz_stddevNorm,0.0,acoustics
slopeV0_500_sma3nz_amean,1.573268480099166,0.11565666454846453,-0.3866955044408882,3.5332324646392204,acoustics,0.34516984858944094,1.573268480099166,slopeV0_500_sma3nz_amean,0.004958439729471805,acoustics
slopeV500_1500_sma3nz_amean,1.323801704129504,0.18556891003846043,-0.6361622804105501,3.283765688669558,acoustics,0.45430373179321054,1.323801704129504,slopeV500_1500_sma3nz_amean,0.008048637045355687,acoustics
slopeV500_1500_sma3nz_stddevNorm,-1.021909072838895,0.3068239379113008,-2.9818730573789494,0.938054911701159,acoustics,0.6090931960971864,1.021909072838895,slopeV500_1500_sma3nz_stddevNorm,0.0024564211098987623,acoustics
spectralFluxV_sma3nz_amean,-1.8807558585434427,0.06000513729632958,-3.8407198430834972,0.07920812599661124,acoustics,0.2010172099427041,1.8807558585434427,spectralFluxV_sma3nz_amean,0.007359342012536954,acoustics
spectralFluxV_sma3nz_stddevNorm,-2.0258291647609914,0.042782294138468784,-3.9857931493010454,-0.06586518022093735,acoustics,0.16416584569664971,2.0258291647609914,spectralFluxV_sma3nz_stddevNorm,0.008352206686626968,acoustics
mfcc1V_sma3nz_amean,-0.17466564083868788,0.861342367327243,-2.134629625378742,1.7852983437013663,acoustics,0.961832310182088,0.17466564083868788,mfcc1V_sma3nz_amean,0.0,acoustics
mfcc1V_sma3nz_stddevNorm,-0.3928371144344391,0.6944397904607169,-2.352801098974493,1.5671268701056147,acoustics,0.9307469807957824,0.3928371144344391,mfcc1V_sma3nz_stddevNorm,0.0009976607337418807,acoustics
mfcc2V_sma3nz_amean,-0.28375403477880196,0.7765988820953131,-2.243718019318856,1.6762099497612521,acoustics,0.9359124759184778,0.28375403477880196,mfcc2V_sma3nz_amean,0.0,acoustics
mfcc2V_sma3nz_stddevNorm,0.7002931517619215,0.48374424765014146,-1.2596708327781325,2.660257136301976,acoustics,0.8215414299660238,0.7002931517619215,mfcc2V_sma3nz_stddevNorm,0.006608864317146358,acoustics
mfcc3V_sma3nz_amean,-3.8859882669337438,0.00010191442893370848,-5.845952251473798,-1.9260242823936895,acoustics,0.004552177825705646,3.8859882669337438,mfcc3V_sma3nz_amean,0.0,acoustics
mfcc4V_sma3nz_amean,0.5676436241755312,0.5702769790634631,-1.392320360364523,2.527607608715585,acoustics,0.8412756970535387,0.5676436241755312,mfcc4V_sma3nz_amean,0.0,acoustics
mfcc4V_sma3nz_stddevNorm,0.5976793232644423,0.5500539245344598,-1.3622846612756117,2.5576433078044962,acoustics,0.8412756970535387,0.5976793232644423,mfcc4V_sma3nz_stddevNorm,0.0006314334407026333,acoustics
alphaRatioUV_sma3nz_amean,-0.5238933091317627,0.600352748769206,-2.4838572936718166,1.4360706754082913,acoustics,0.8744268297290609,0.5238933091317627,alphaRatioUV_sma3nz_amean,0.0013148028934333834,acoustics
hammarbergIndexUV_sma3nz_amean,1.1009185940188446,0.2709320886769122,-0.8590453905212095,3.060882578558899,acoustics,0.5724313519276177,1.1009185940188446,hammarbergIndexUV_sma3nz_amean,0.0,acoustics
slopeUV0_500_sma3nz_amean,-0.10814268582184755,0.913882508291029,-2.0681066703619013,1.8518212987182063,acoustics,0.9727234690378959,0.10814268582184755,slopeUV0_500_sma3nz_amean,0.003739427091504175,acoustics
slopeUV500_1500_sma3nz_amean,2.277226672480579,0.022772693146281744,0.317262687940525,4.2371906570206335,acoustics,0.10005052070825422,2.277226672480579,slopeUV500_1500_sma3nz_amean,0.004248876764309543,acoustics
spectralFluxUV_sma3nz_amean,-2.355498690973923,0.018497862211105665,-4.315462675513977,-0.395534706433869,acoustics,0.08766215003541661,2.355498690973923,spectralFluxUV_sma3nz_amean,0.008382796245883662,acoustics
loudnessPeaksPerSec,-2.9137187302621648,0.0035715153753688492,-4.873682714802219,-0.9537547457221107,acoustics,0.03190553735329505,2.9137187302621648,loudnessPeaksPerSec,0.0,acoustics
VoicedSegmentsPerSec,-4.484465274329026,7.309700848404514e-06,-6.444429258869081,-2.5245012897889723,acoustics,0.0004897499568431025,4.484465274329026,VoicedSegmentsPerSec,0.0026878835220166663,acoustics
MeanVoicedSegmentLengthSec,3.760451995575338,0.0001696066212386548,1.8004880110352837,5.7204159801153915,acoustics,0.0054239284026507215,3.760451995575338,MeanVoicedSegmentLengthSec,0.008585837604835198,acoustics
MeanUnvoicedSegmentLength,3.176694075044576,0.0014896408219707321,1.2167300905045217,5.136658059584629,acoustics,0.020482976734995863,3.176694075044576,MeanUnvoicedSegmentLength,0.005866232653560189,acoustics
StddevUnvoicedSegmentLength,3.0198665668479214,0.0025288606922810168,1.0599025823078674,4.979830551387976,acoustics,0.027432466325141996,3.0198665668479214,StddevUnvoicedSegmentLength,0.004609084212895678,acoustics
equivalentSoundLevel_dBp,-1.9035277420862309,0.05697171729845634,-3.8634917266262847,0.05643624245382317,acoustics,0.20090026626297763,1.9035277420862309,equivalentSoundLevel_dBp,0.0018611102975216386,acoustics
FT_MeanK1,-0.14669367802231995,0.8833738088283698,-2.106657662562374,1.8132703065177345,semantics,0.9698302889229232,0.14669367802231995,FT_MeanK1,0.00709264800876261,semantics
FT_MeanK2,0.392637417799711,0.6945872991013302,-1.5673265667403429,2.352601402339765,semantics,0.9307469807957824,0.392637417799711,FT_MeanK2,0.009870559716303242,semantics
FT_SSC,-0.42403179740587016,0.6715426238117249,-2.383995781945924,1.535932187134184,semantics,0.9242514709650517,0.42403179740587016,FT_SSC,0.0003735023681713023,semantics
FT_WL,0.279657181835453,0.7797405319168832,-1.6803068027046009,2.2396211663755072,semantics,0.9359124759184778,0.279657181835453,FT_WL,0.006100571221938257,semantics
FT_Peak,-0.2566175902097366,0.7974739946088376,-2.216581574749791,1.7033463943303173,semantics,0.9359124759184778,0.2566175902097366,FT_Peak,0.0,semantics
FT_Valley,0.3708902904024853,0.7107192473447735,-1.589073694137569,2.3308542749425394,semantics,0.9359124759184778,0.3708902904024853,FT_Valley,0.005816586197216905,semantics
FT_Amp,-0.3284597912530496,0.7425640412792471,-2.2884237757931034,1.6315041932870045,semantics,0.9359124759184778,0.3284597912530496,FT_Amp,0.004400884291087159,semantics
FT_Skew,-0.2904268704953294,0.7714896894561771,-2.2503908550353833,1.6695371140447246,semantics,0.9359124759184778,0.2904268704953294,FT_Skew,0.010453414675961373,semantics
FT_ApEn,-2.2303042329941514,0.02572725235558912,-4.1902682175342045,-0.27034024845409754,semantics,0.11120812308544974,2.2303042329941514,FT_ApEn,0.0004741368072084037,semantics
FT_Acf1,0.7262844443627945,0.46766441352956545,-1.2336795401772598,2.6862484289028483,semantics,0.8119031383227538,0.7262844443627945,FT_Acf1,0.0011571976455015838,semantics
FT_AcfZcr,-0.14260951169584865,0.8865985850228216,-2.1025734962359026,1.8173544728442053,semantics,0.9698302889229232,0.14260951169584865,FT_AcfZcr,0.0,semantics
FT_stat_MeanK1,1.3871299133692074,0.16540215203023545,-0.5728340711708466,3.3470938979092617,semantics,0.4224304916617724,1.3871299133692074,FT_stat_MeanK1,0.0,semantics
FT_stat_MCR,-0.25489437878762156,0.7988046779834161,-2.2148583633276755,1.7050696057524324,semantics,0.9359124759184778,0.25489437878762156,FT_stat_MCR,0.0,semantics
FT_stat_SSC,0.03655699233261314,0.9708382357365335,-1.923406992207441,1.996520976872667,semantics,0.9827302713025258,0.03655699233261314,FT_stat_SSC,0.008937971238444871,semantics
FT_stat_WL,0.05177179516350228,0.9587105296011643,-1.9081921893765517,2.0117357797035567,semantics,0.9827302713025258,0.05177179516350228,FT_stat_WL,0.002910973476785825,semantics
FT_stat_Valley,3.414334319501201,0.0006393806723770624,1.4543703349611465,5.374298304041255,semantics,0.011432159695811439,3.414334319501201,FT_stat_Valley,0.002769675038110048,semantics
FT_stat_Amp,-2.448965762876527,0.014326706550278099,-4.408929747416581,-0.4890017783364729,semantics,0.0767911471094906,2.448965762876527,FT_stat_Amp,0.0015334272371745465,semantics
FT_stat_Skew,2.5277134368299143,0.011480801681882119,0.5677494522898602,4.487677421369969,semantics,0.06905243780754305,2.5277134368299143,FT_stat_Skew,0.0073327453338159305,semantics
FT_stat_ApEn,-1.8892941637306597,0.058852423149565486,-3.849258148270714,0.07066982080939449,semantics,0.2010172099427041,1.8892941637306597,FT_stat_ApEn,0.006702526840579683,semantics
FT_stat_Acf1,-0.24038779693487627,0.8100296375311538,-2.20035178147493,1.7195761876051778,semantics,0.9380628191747995,0.24038779693487627,FT_stat_Acf1,0.006735760305461562,semantics
FT_cuml_MeanK1,-1.0876841311922418,0.27673457556836234,-3.0476481157322963,0.8722798533478122,semantics,0.5794130175962586,1.0876841311922418,FT_cuml_MeanK1,0.002491670372409496,semantics
FT_cuml_MCR,0.5996178549710344,0.5487609449446649,-1.3603461295690198,2.5595818395110883,semantics,0.8412756970535387,0.5996178549710344,FT_cuml_MCR,0.0025123761494442263,semantics
FT_cuml_SSC,0.17823786556108795,0.8585361733889921,-1.7817261189789662,2.138201850101142,semantics,0.961832310182088,0.17823786556108795,FT_cuml_SSC,0.0008950552929483466,semantics
FT_cuml_WL,1.050386735732151,0.29354034157668907,-0.9095772488079029,3.0103507202722053,semantics,0.5943566034209559,1.050386735732151,FT_cuml_WL,0.0016306128734731922,semantics
FT_cuml_Peak,-0.5959048138094043,0.5512388172057332,-2.555868798349459,1.36405917073065,semantics,0.8412756970535387,0.5959048138094043,FT_cuml_Peak,0.00353454774824249,semantics
FT_cuml_Valley,2.6192063948872657,0.008813460496524048,0.6592424103472115,4.579170379427319,semantics,0.06201263959720816,2.6192063948872657,FT_cuml_Valley,0.0029603064236652372,semantics
FT_cuml_Skew,1.6450253298800013,0.09996458761812509,-0.3149386546600527,3.604989314420055,semantics,0.31893463668639904,1.6450253298800013,FT_cuml_Skew,0.0013590023494988745,semantics
FT_cuml_Kurt,-1.6167562587819595,0.10593090469905113,-3.576720243322014,0.34320772575809433,semantics,0.33399391128642,1.6167562587819595,FT_cuml_Kurt,0.0,semantics
FT_cuml_Acf1,-1.4555642084675096,0.14551312830179233,-3.415528193007564,0.5043997760725443,semantics,0.3899751838488034,1.4555642084675096,FT_cuml_Acf1,0.0032917738220547012,semantics
FT_cuml_AcfZcr,1.1398113757004282,0.2543648933967284,-0.8201526088396258,3.0997753602404825,semantics,0.5531604225374056,1.1398113757004282,FT_cuml_AcfZcr,0.009760935948106663,semantics
BERT_MeanK1,-0.10736287570459302,0.9145011051249247,-2.067326860244647,1.8526011088354613,semantics,0.9727234690378959,0.10736287570459302,BERT_MeanK1,0.000956753816816565,semantics
BERT_MeanK2,-0.35831956058616127,0.7201041814018794,-2.3182835451262154,1.601644423953893,semantics,0.9359124759184778,0.35831956058616127,BERT_MeanK2,0.005140121931455555,semantics
BERT_MeanG,0.16882878354506822,0.8659313173036052,-1.791135200994986,2.1287927680851224,semantics,0.9629443694496522,0.16882878354506822,BERT_MeanG,0.0,semantics
BERT_MCR,2.4628515527667028,0.013783697119468852,0.5028875682266487,4.422815537306756,semantics,0.07538838424525822,2.4628515527667028,BERT_MCR,0.002956845073324445,semantics
BERT_WL,1.1360398256495003,0.25593989699491904,-0.8239241588905537,3.096003810189554,semantics,0.5531604225374056,1.1360398256495003,BERT_WL,0.0,semantics
BERT_Var,-0.5937822157662828,0.552657785356286,-2.5537462003063367,1.3661817687737712,semantics,0.8412756970535387,0.5937822157662828,BERT_Var,0.013142500876197019,semantics
BERT_Peak,0.5797961512626351,0.5620520933346647,-1.3801678332774192,2.5397601358026893,semantics,0.8412756970535387,0.5797961512626351,BERT_Peak,0.0,semantics
BERT_Valley,2.6111349551500913,0.009024227404071336,0.651170970610037,4.571098939690145,semantics,0.06201263959720816,2.6111349551500913,BERT_Valley,0.0031195672914930816,semantics
BERT_Amp,-2.6183501006627723,0.00883561017782355,-4.578314085202827,-0.6583861161227185,semantics,0.06201263959720816,2.6183501006627723,BERT_Amp,0.0,semantics
BERT_Skew,2.9728114519198425,0.0029508565974546348,1.0128474673797887,4.932775436459896,semantics,0.029289984004364524,2.9728114519198425,BERT_Skew,0.0016538207544697684,semantics
BERT_ApEn,-3.057477025868175,0.002232087508383976,-5.017441010408229,-1.097513041328121,semantics,0.026116822445398497,3.057477025868175,BERT_ApEn,0.001958256356987643,semantics
BERT_Acf1,-0.6051317253471441,0.5450914759976637,-2.565095709887198,1.3548322591929098,semantics,0.8412756970535387,0.6051317253471441,BERT_Acf1,0.007465838074027468,semantics
BERT_AcfZcr,0.41800275132202863,0.6759451056311572,-1.5419612332180253,2.3779667358620826,semantics,0.9242514709650517,0.41800275132202863,BERT_AcfZcr,0.0051677844337080095,semantics
BERT_stat_MeanK1,0.26960872901257205,0.7874612841754977,-1.690355255527482,2.229572713552626,semantics,0.9359124759184778,0.26960872901257205,BERT_stat_MeanK1,0.0005666156044105552,semantics
BERT_stat_MCR,1.894860538575411,0.058110880326377165,-0.06510344596464299,3.854824523115465,semantics,0.2010172099427041,1.894860538575411,BERT_stat_MCR,0.0,semantics
BERT_stat_SSC,-1.4951552818412126,0.13487392108109522,-3.4551192663812667,0.4648087026988415,semantics,0.3688388862217706,1.4951552818412126,BERT_stat_SSC,0.006954878910117727,semantics
BERT_stat_WL,-0.06816537519668536,0.9456539894273307,-2.0281293597367394,1.8917986093433687,semantics,0.9823072448314908,0.06816537519668536,BERT_stat_WL,0.004100002916811942,semantics
BERT_stat_Var,-1.7339986315038627,0.08291832598322608,-3.6939626160439167,0.2259653530361913,semantics,0.27100135809151943,1.7339986315038627,BERT_stat_Var,0.0,semantics
BERT_stat_Peak,-0.11361264184529644,0.9095448655009137,-2.0735766263853503,1.8463513426947578,semantics,0.9727234690378959,0.11361264184529644,BERT_stat_Peak,0.0014307975191571798,semantics
BERT_stat_Valley,3.414130292363737,0.0006398596844670581,1.4541663078236828,5.374094276903791,semantics,0.011432159695811439,3.414130292363737,BERT_stat_Valley,0.0,semantics
BERT_stat_Amp,-3.4163207816035777,0.0006347342861616014,-5.376284766143631,-1.4563567970635234,semantics,0.011432159695811439,3.4163207816035777,BERT_stat_Amp,0.016281885307443535,semantics
BERT_stat_Skew,2.3729631111028278,0.017646026184796243,0.41299912656277343,4.332927095642882,semantics,0.08598427304591623,2.3729631111028278,BERT_stat_Skew,0.0,semantics
BERT_stat_ApEn,-2.4020820970494214,0.016302049357380475,-4.362046081589476,-0.44211811250936733,semantics,0.08090646718107347,2.4020820970494214,BERT_stat_ApEn,0.0,semantics
BERT_stat_Acf1,-0.8006709940509644,0.42332213890321224,-2.7606349785910185,1.1592929904890894,semantics,0.7732202128548927,0.8006709940509644,BERT_stat_Acf1,0.0,semantics
BERT_stat_AcfZcr,0.09345874658400591,0.9255391216591919,-1.866505237956048,2.05342273112406,semantics,0.9727234690378959,0.09345874658400591,BERT_stat_AcfZcr,0.00142229067708016,semantics
BERT_cuml_MCR,1.592453814674081,0.11128277271695722,-0.3675101698659732,3.552417799214135,semantics,0.34516984858944094,1.592453814674081,BERT_cuml_MCR,0.0008712967782069354,semantics
BERT_cuml_SSC,-2.3375212129674963,0.01941209924993839,-4.29748519750755,-0.37755722842744227,semantics,0.0896972861893705,2.3375212129674963,BERT_cuml_SSC,0.005933463141339406,semantics
BERT_cuml_WL,1.2358662952795023,0.216508267251469,-0.7240976892605517,3.1958302798195564,semantics,0.5037259190791645,1.2358662952795023,BERT_cuml_WL,0.007702037265869826,semantics
BERT_cuml_Var,-0.09513235597722439,0.9242096982601894,-2.055096340517278,1.8648316285628297,semantics,0.9727234690378959,0.09513235597722439,BERT_cuml_Var,0.009567732413318094,semantics
BERT_cuml_Valley,2.922413323177582,0.0034733028007983774,0.9624493386375282,4.882377307717636,semantics,0.03190553735329505,2.922413323177582,BERT_cuml_Valley,0.004081373187526619,semantics
BERT_cuml_Amp,-2.933305257909947,0.003353739741312659,-4.893269242450001,-0.9733412733698933,semantics,0.03190553735329505,2.933305257909947,BERT_cuml_Amp,0.0027936481371906912,semantics
BERT_cuml_Skew,2.554461836388264,0.010635208768865893,0.5944978518482096,4.5144258209283175,semantics,0.067568347142965,2.554461836388264,BERT_cuml_Skew,0.0,semantics
BERT_cuml_Kurt,-2.5242475238664523,0.011594625751266558,-4.484211508406507,-0.5642835393263983,semantics,0.06905243780754305,2.5242475238664523,BERT_cuml_Kurt,0.0,semantics
BERT_cuml_ApEn,-2.3525623890149623,0.01864456176126398,-4.312526373555016,-0.3925984044749081,semantics,0.08766215003541661,2.3525623890149623,BERT_cuml_ApEn,0.0,semantics
BERT_cuml_Acf1,-0.5900854623040274,0.5551333547667541,-2.5500494468440817,1.3698785222360268,semantics,0.8412756970535387,0.5900854623040274,BERT_cuml_Acf1,0.01034440080269749,semantics
BERT_cuml_AcfZcr,0.2197635373547937,0.8260553183778085,-1.7402004471852603,2.1797275218948475,semantics,0.9380628191747995,0.2197635373547937,BERT_cuml_AcfZcr,0.0012006899854037291,semantics
Sent_MeanK1,-0.42270486375024097,0.6725106065481024,-2.382668848290295,1.537259120789813,semantics,0.9242514709650517,0.42270486375024097,Sent_MeanK1,0.003805464882675323,semantics
Sent_MeanK2,-0.351486866962836,0.7252231234094653,-2.3114508515028898,1.6084771175772181,semantics,0.9359124759184778,0.351486866962836,Sent_MeanK2,0.0033654061093535883,semantics
Sent_MeanG,-0.25371433657941767,0.799716257407953,-2.213678321119472,1.7062496479606364,semantics,0.9359124759184778,0.25371433657941767,Sent_MeanG,0.0021045614653951816,semantics
Sent_WL,0.5661172277118983,0.5713140927751643,-1.3938467568281556,2.5260812122519525,semantics,0.8412756970535387,0.5661172277118983,Sent_WL,0.0030971170948294515,semantics
Sent_Var,0.9416893464945866,0.3463517109852705,-1.0182746380454675,2.9016533310346406,semantics,0.658313890383351,0.9416893464945866,Sent_Var,0.0027862577189616397,semantics
Sent_Peak,0.6716436100619941,0.5018106082204076,-1.28832037447806,2.6316075946020483,semantics,0.8301558210066002,0.6716436100619941,Sent_Peak,0.0007658969418971797,semantics
Sent_Valley,-0.7471376687850695,0.4549804642655527,-2.7071016533251235,1.2128263157549843,semantics,0.7969592445958701,0.7471376687850695,Sent_Valley,0.0004004011022896484,semantics
Sent_Amp,0.9632382216436244,0.3354279880607478,-0.9967257628964298,2.9232022061836784,semantics,0.6446101077005724,0.9632382216436244,Sent_Amp,0.0017062992885742965,semantics
Sent_Skew,1.1085042842883848,0.2676440898938832,-0.8514597002516693,3.068468268828439,semantics,0.5724313519276177,1.1085042842883848,Sent_Skew,0.0013173145320686218,semantics
Sent_Kurt,0.40243630698311056,0.6873629544007631,-1.5575276775569435,2.3624002915231648,semantics,0.930370059491942,0.40243630698311056,Sent_Kurt,0.004663435830657384,semantics
Sent_ApEn,1.0303360368285948,0.302852287937987,-0.9296279477114593,2.9903000213686486,semantics,0.605704575875974,1.0303360368285948,Sent_ApEn,0.003496122959391555,semantics
Sent_Acf1,0.23756149666449042,0.8122212168279745,-1.7224024878755635,2.1975254812045444,semantics,0.9380628191747995,0.23756149666449042,Sent_Acf1,0.0034242066365302625,semantics
Sent_AcfZcr,0.4810891475308507,0.6304531408380235,-1.4788748370092033,2.4410531320709046,semantics,0.9031274824900165,0.4810891475308507,Sent_AcfZcr,0.0020618647766389815,semantics
Sent_stat_MeanK1,-0.2669284369953304,0.7895242612132128,-2.2268924215353842,1.6930355475447236,semantics,0.9359124759184778,0.2669284369953304,Sent_stat_MeanK1,0.0030169100144488018,semantics
Sent_stat_SSC,-0.7176883994132779,0.47294943765710873,-2.6776523839533324,1.2422755851267762,semantics,0.8125028800775971,0.7176883994132779,Sent_stat_SSC,0.009457049626322756,semantics
Sent_stat_WL,-0.6880730251617742,0.4914067963527704,-2.6480370097018278,1.27189095937828,semantics,0.8231063838908905,0.6880730251617742,Sent_stat_WL,0.002848606167789875,semantics
Sent_stat_Peak,-0.7893844233540115,0.4298873571469366,-2.7493484078940655,1.1705795611860426,semantics,0.7732202128548927,0.7893844233540115,Sent_stat_Peak,0.0,semantics
Sent_stat_Amp,-0.2934353244036078,0.7691894281804836,-2.2533993089436617,1.6665286601364466,semantics,0.9359124759184778,0.2934353244036078,Sent_stat_Amp,0.005278354198906304,semantics
Sent_stat_Skew,-0.04190600656846794,0.9665736280568694,-2.001869991108522,1.918057977971586,semantics,0.9827302713025258,0.04190600656846794,Sent_stat_Skew,0.0034804561983854325,semantics
Sent_stat_Kurt,-0.47675416286832834,0.6335371892094146,-2.4367181474083823,1.4832098216717258,semantics,0.9031274824900165,0.47675416286832834,Sent_stat_Kurt,0.0,semantics
Sent_stat_ApEn,0.7502244466323635,0.45311953756682133,-1.2097395379076905,2.7101884311724174,semantics,0.7969592445958701,0.7502244466323635,Sent_stat_ApEn,0.0,semantics
Sent_cuml_MeanK1,0.0812769215994611,0.9352217271537657,-1.878687062940593,2.041240906139515,semantics,0.9790602456140985,0.0812769215994611,Sent_cuml_MeanK1,0.0,semantics
Sent_cuml_MCR,0.9144093931546067,0.3605017679731609,-1.0455545913854476,2.874373377694661,semantics,0.6803836184282193,0.9144093931546067,Sent_cuml_MCR,0.0034185726432775115,semantics
Sent_cuml_SSC,0.5719268200645679,0.5673715532314867,-1.388037164475486,2.531890804604622,semantics,0.8412756970535387,0.5719268200645679,Sent_cuml_SSC,0.0021817346380136387,semantics
Sent_cuml_WL,-0.09988669438159632,0.9204342798631032,-2.0598506789216504,1.860077290158458,semantics,0.9727234690378959,0.09988669438159632,Sent_cuml_WL,0.004930845070845156,semantics
Sent_cuml_Var,-0.33646537102132185,0.736519960812603,-2.2964293555613757,1.6234986135187324,semantics,0.9359124759184778,0.33646537102132185,Sent_cuml_Var,0.002639088615986994,semantics
Sent_cuml_Peak,-0.03835965084675136,0.9694009312475182,-1.9983236353868055,1.9216043336933029,semantics,0.9827302713025258,0.03835965084675136,Sent_cuml_Peak,0.0013890334503672192,semantics
Sent_cuml_Valley,0.44969235819242304,0.6529322822605601,-1.5102716263476308,2.409656342732477,semantics,0.91716602387101,0.44969235819242304,Sent_cuml_Valley,0.005413963916269083,semantics
Sent_cuml_Amp,-0.4632814231247461,0.6431626596690844,-2.4232454076648002,1.496682561415308,semantics,0.911997845456691,0.4632814231247461,Sent_cuml_Amp,0.0,semantics
Sent_cuml_ApEn,0.3879033453962346,0.6980875623365446,-1.5720606391438194,2.3478673299362884,semantics,0.9307834164487261,0.3879033453962346,Sent_cuml_ApEn,0.005894953669643181,semantics
Sent_cuml_Acf1,-0.5959070316265757,0.5512373355204141,-2.55587101616663,1.3640569529134783,semantics,0.8412756970535387,0.5959070316265757,Sent_cuml_Acf1,0.005097161377928656,semantics
Sent_cuml_AcfZcr,0.10445827165125011,0.9168056814615139,-1.8555057128888037,2.064422256191304,semantics,0.9727234690378959,0.10445827165125011,Sent_cuml_AcfZcr,0.0018387695475845483,semantics
pmt2rsp,-3.016276404714867,0.002558998724360261,-4.9762403892549205,-1.0563124201748129,semantics,0.027432466325141996,3.016276404714867,pmt2rsp,0.0,semantics
ppl,2.70525161597678,0.006825266944052998,0.745287631436726,4.665215600516834,semantics,0.05542944063655162,2.70525161597678,ppl,0.01366369240690709,semantics
TokenNum,-1.2005101865084447,0.229941258882561,-3.1604741710484987,0.7594537980316096,morphsyn,0.5199426702338495,1.2005101865084447,TokenNum,0.0016540477378750665,morphsyn
WordNum,-1.3242499905755238,0.18542003327870493,-3.284213975115578,0.6357139939645302,morphsyn,0.45430373179321054,1.3242499905755238,WordNum,0.006373671548935733,morphsyn
NP_Num,-1.0678820781016196,0.2855737077393963,-3.027846062641674,0.8920819064384344,morphsyn,0.5887211821089092,1.0678820781016196,NP_Num,0.002731918408857663,morphsyn
WordTTR,2.1075927765085476,0.03506622894679486,0.1476287919684938,4.067556761048602,morphsyn,0.14595967632934875,2.1075927765085476,WordTTR,0.003643698061829824,morphsyn
ADJ_PosR,0.1856727767287462,0.8527013780937616,-1.7742912078113078,2.1456367612688,morphsyn,0.9601847450803701,0.1856727767287462,ADJ_PosR,0.007966592771796954,morphsyn
ADP_PosR,-2.6896765127400037,0.007152131167971858,-4.649640497280058,-0.7297125281999496,morphsyn,0.056375622147542874,2.6896765127400037,ADP_PosR,0.011359692880172632,morphsyn
ADV_PosR,0.6077279258826608,0.5433679383562414,-1.3522360586573932,2.5676919104227145,morphsyn,0.8412756970535387,0.6077279258826608,ADV_PosR,0.005444337735088318,morphsyn
AUX_PosR,-0.15548235563413812,0.8764410629450557,-2.115446340174192,1.804481628905916,morphsyn,0.9666098965813783,0.15548235563413812,AUX_PosR,0.0,morphsyn
CCONJ_PosR,0.31080906177266665,0.7559457803550096,-1.6491549227673874,2.2707730463127205,morphsyn,0.9359124759184778,0.31080906177266665,CCONJ_PosR,0.0010337560068522647,morphsyn
DET_PosR,0.1264354084624238,0.8993872751405528,-1.83352857607763,2.0863993930024782,morphsyn,0.9727234690378959,0.1264354084624238,DET_PosR,0.0015837477463767128,morphsyn
INTJ_PosR,0.3685333371018877,0.7124755921699077,-1.5914306474381663,2.328497321641942,morphsyn,0.9359124759184778,0.3685333371018877,INTJ_PosR,0.003754934417220512,morphsyn
NOUN_PosR,-0.030840848753338725,0.9753964633077308,-1.9908048332933928,1.9291231357867151,morphsyn,0.9827302713025258,0.030840848753338725,NOUN_PosR,0.01111498200901786,morphsyn
NUM_PosR,0.7518785090202741,0.4521241232684441,-1.2080854755197799,2.711842493560328,morphsyn,0.7969592445958701,0.7518785090202741,NUM_PosR,0.006333422108841138,morphsyn
PRON_PosR,-1.5218073326209356,0.12805736364462642,-3.4817713171609896,0.43815665191911846,morphsyn,0.36125656270273554,1.5218073326209356,PRON_PosR,0.00944649342269128,morphsyn
PROPN_PosR,-1.273929962290783,0.20268823863592467,-3.2338939468308374,0.6860340222492711,morphsyn,0.4807119288002461,1.273929962290783,PROPN_PosR,0.0013850178774461636,morphsyn
PUNCT_PosR,3.6646110614648038,0.0002477147320575499,1.70464707692475,5.624575046004858,morphsyn,0.0066387548191423375,3.6646110614648038,PUNCT_PosR,0.0005742812745169255,morphsyn
SCONJ_PosR,-2.00074842789035,0.04541950766886093,-3.960712412430404,-0.04078444335029621,morphsyn,0.1690615007674268,2.00074842789035,SCONJ_PosR,0.004768573825000345,morphsyn
SYM_PosR,-0.6051376134458489,0.5450875640013562,-2.565101597985903,1.354826371094205,morphsyn,0.8412756970535387,0.6051376134458489,SYM_PosR,0.0017734092152625995,morphsyn
VERB_PosR,-1.419582958725294,0.15572912950751103,-3.379546943265348,0.5403810258147601,morphsyn,0.40917065400012703,1.419582958725294,VERB_PosR,0.0,morphsyn
advcl_DepR,-0.01940464990474992,0.9845183010202643,-1.979368634444804,1.9405593346353043,morphsyn,0.9877175454739707,0.01940464990474992,advcl_DepR,0.0036428347968801285,morphsyn
advmod_DepR,0.5998149537159552,0.5486295662949231,-1.3601490308240989,2.559778938256009,morphsyn,0.8412756970535387,0.5998149537159552,advmod_DepR,0.0019875902417002002,morphsyn
appos_DepR,0.5013458116344232,0.6161277692726488,-1.4586181729056307,2.461309796174477,morphsyn,0.8877539901347843,0.5013458116344232,appos_DepR,0.0014795988538365572,morphsyn
aux_DepR,0.12127318303259016,0.9034746600622433,-1.838690801507464,2.081237167572644,morphsyn,0.9727234690378959,0.12127318303259016,aux_DepR,0.004478091073626741,morphsyn
case_DepR,-1.4276204311784835,0.1534011396337605,-3.3875844157185377,0.5323435533615705,morphsyn,0.40704460813710713,1.4276204311784835,case_DepR,0.004742574188879261,morphsyn
cc_DepR,-0.3512695370094839,0.7253861465319191,-2.311233521549538,1.6086944475305702,morphsyn,0.9359124759184778,0.3512695370094839,cc_DepR,0.0002797149365309076,morphsyn
ccomp_DepR,-1.38679433944875,0.1655044836734556,-3.346758323988804,0.573169645091304,morphsyn,0.4224304916617724,1.38679433944875,ccomp_DepR,0.011035704643673063,morphsyn
csubj_DepR,-1.1981206102423945,0.23087006626055262,-3.158084594782449,0.7618433742976596,morphsyn,0.5199426702338495,1.1981206102423945,csubj_DepR,0.0006142679973393307,morphsyn
dep_DepR,1.9675979659330651,0.04911431396988085,0.007633981393010966,3.927561950473119,morphsyn,0.17787346140443333,1.9675979659330651,dep_DepR,0.013791374423576018,morphsyn
fixed_DepR,-1.5826266538869798,0.11350658468936231,-3.542590638427034,0.37733733065307423,morphsyn,0.34516984858944094,1.5826266538869798,fixed_DepR,0.0067693846482887446,morphsyn
flat_DepR,0.8250189907753901,0.4093608090870484,-1.1349449937646638,2.784982975315444,morphsyn,0.7566117023126137,0.8250189907753901,flat_DepR,0.0003497654097197266,morphsyn
mark_DepR,-2.6503208435004737,0.008041536402422046,-4.610284828040528,-0.6903568589604199,morphsyn,0.06157519302426024,2.6503208435004737,mark_DepR,0.0012666716187478995,morphsyn
nmod_DepR,-0.41224386619666825,0.6801606879010446,-2.3722078507367224,1.5477201183433857,morphsyn,0.9252947429313703,0.41224386619666825,nmod_DepR,0.007100556328814699,morphsyn
nsubj_DepR,-1.850864369680619,0.06418906777686556,-3.8108283542206736,0.10909961485943497,morphsyn,0.21237864400246878,1.850864369680619,nsubj_DepR,0.0006041268123799386,morphsyn
obj_DepR,2.5559573262913933,0.010589610475626657,0.595993341751339,4.515921310831447,morphsyn,0.067568347142965,2.5559573262913933,obj_DepR,0.007674769106969586,morphsyn
obl_DepR,-2.4238531850883542,0.015356812446783667,-4.383817169628409,-0.46388920054830024,morphsyn,0.07914664876419274,2.4238531850883542,obl_DepR,0.0,morphsyn
parataxis_DepR,-0.22158849660655947,0.824634238269548,-2.181552481146613,1.7383754879334947,morphsyn,0.9380628191747995,0.22158849660655947,parataxis_DepR,0.008572360986307299,morphsyn
xcomp_DepR,-1.9254025481258874,0.0541790170673317,-3.8853665326659415,0.034561436414166785,morphsyn,0.19359968765393196,1.9254025481258874,xcomp_DepR,0.0,morphsyn
ADD,-1.5479801973529317,0.12162706432384451,-3.507944181892986,0.41198378718712236,morphsyn,0.3581983872394542,1.5479801973529317,ADD,0.0032600093207006543,morphsyn
MDD,-1.3211002203288986,0.18646794961661628,-3.2810642048689527,0.6388637642111555,morphsyn,0.45430373179321054,1.3211002203288986,MDD,0.0038434452435397335,morphsyn
Fut_TenseR,0.5277230543765477,0.5976915694744187,-1.4322409301635064,2.4876870389166013,morphsyn,0.8744268297290609,0.5277230543765477,Fut_TenseR,0.0018625915607921406,morphsyn
Imp_TenseR,-0.830556604796465,0.4062241581443472,-2.7905205893365195,1.129407379743589,morphsyn,0.7560282943242017,0.830556604796465,Imp_TenseR,0.006258660589072435,morphsyn
Past_TenseR,0.5883108989637544,0.5563236313474209,-1.3716530855762996,2.5482748835038085,morphsyn,0.8412756970535387,0.5883108989637544,Past_TenseR,0.0021119819516422647,morphsyn
Pres_TenseR,1.480305940919701,0.13879161851041982,-0.47965804362035297,3.4402699254597553,morphsyn,0.37571872485649,1.480305940919701,Pres_TenseR,0.0006329462292593638,morphsyn
Person2R,-1.162542682210607,0.24501509773886654,-3.122506666750661,0.797421302329447,morphsyn,0.5426780677191424,1.162542682210607,Person2R,0.006373258629106002,morphsyn
Person3R,-2.8269931728173927,0.004698732964396374,-4.786957157357446,-0.8670291882773388,morphsyn,0.040621304337362205,2.8269931728173927,Person3R,0.007797966087008854,morphsyn
Negation,3.553693640512202,0.0003798614344568067,1.5937296559721477,5.5136576250522555,morphsyn,0.008483572036202017,3.553693640512202,Negation,0.0019555624419792016,morphsyn
Ind_MoodR,1.8818772408336386,0.05985268523551384,-0.07808674370641534,3.8418412253736927,morphsyn,0.2010172099427041,1.8818772408336386,Ind_MoodR,0.002413231407699982,morphsyn
Imp_MoodR,-0.12172239468070851,0.9031188767272311,-2.0816863792207627,1.8382415898593456,morphsyn,0.9727234690378959,0.12172239468070851,Imp_MoodR,0.0017078050510140835,morphsyn
Sub_MoodR,-2.082291276739747,0.03731587222193617,-4.0422552612798,-0.12232729219969272,morphsyn,0.14926348888774468,2.082291276739747,Sub_MoodR,0.006424954602095269,morphsyn
Cnd_MoodR,-1.0700529766754305,0.28459546353344045,-3.0300169612154844,0.8899110078646235,morphsyn,0.5887211821089092,1.0700529766754305,Cnd_MoodR,0.0006936875500031354,morphsyn
MascR,2.00422583083685,0.04504587474564966,0.04426184629679593,3.9641898153769044,morphsyn,0.1690615007674268,2.00422583083685,MascR,0.006071864480746364,morphsyn
FemR,-0.2875002264669417,0.7737293285585368,-2.247464211006996,1.6724637580731125,morphsyn,0.9359124759184778,0.2875002264669417,FemR,0.013412076719832418,morphsyn
PlurR,0.03513799294520926,0.9719697061171672,-1.9248259915948447,1.9951019774852632,morphsyn,0.9827302713025258,0.03513799294520926,PlurR,0.00514803507939707,morphsyn
DefiniteR,-0.7951901074006592,0.42650292541224755,-2.7551540919407134,1.164773877139395,morphsyn,0.7732202128548927,0.7951901074006592,DefiniteR,0.0,morphsyn
IndefiniteR,1.2544602696432705,0.20967475796958268,-0.7055037148967835,3.2144242541833243,morphsyn,0.4929196064548084,1.2544602696432705,IndefiniteR,0.00144316866220227,morphsyn
NodeNum,-1.5762076518946204,0.11497795565304783,-3.5361716364346742,0.38375633264543385,morphsyn,0.34516984858944094,1.5762076518946204,NodeNum,0.00789992343533454,morphsyn
PhraseRatio,1.1696309271255865,0.24214952583212002,-0.7903330574144676,3.1295949116656407,morphsyn,0.5408006076917347,1.1696309271255865,PhraseRatio,0.0013643252003042812,morphsyn
DepthMean,-2.9958974447902698,0.0027363844635585792,-4.955861429330324,-1.0359334602502155,morphsyn,0.02820580908591151,2.9958974447902698,DepthMean,0.0,morphsyn
Depth,-3.056233129067802,0.002241369090463304,-5.0161971136078565,-1.0962691445277477,morphsyn,0.026116822445398497,3.056233129067802,Depth,0.0007488949317032185,morphsyn
DepthNorm,0.25789118243040376,0.7964908901483487,-1.7020728021096503,2.217855166970458,morphsyn,0.9359124759184778,0.25789118243040376,DepthNorm,0.0021454551839624955,morphsyn
DepthApEn,-1.3110161742818816,0.18985229917959512,-3.2709801588219354,0.6489478102581725,morphsyn,0.4583821277489324,1.3110161742818816,DepthApEn,0.0007757815056280865,morphsyn
Linearization,-1.1001561079903035,0.27126411080152035,-3.060120092530358,0.8598078765497504,morphsyn,0.5724313519276177,1.1001561079903035,Linearization,0.0,morphsyn
SentNum,0.261132912090076,0.7939900117723172,-1.6988310724499782,2.2210968966301303,morphsyn,0.9359124759184778,0.261132912090076,SentNum,0.0019557576836157597,morphsyn
