Feat,Z,p,CI_lower,CI_upper,q,Set,Z_abs,Feature_x,Importance_x,Group_x,Feature_y,Importance_y,Group_y
SentNum,-0.00029456440904374477,0.9997649716092608,-1.9602585489490978,1.9596694201310103,0.9997649716092608,morphsyn,0.00029456440904374477,SentNum,0.0019557576836157597,morphsyn,SentNum,0.0019557576836157597,morphsyn
mfcc2V_sma3nz_amean,0.005199840548431918,0.9958511462041324,-1.9547641439916223,1.965163825088486,0.9995949475056517,acoustic,0.005199840548431918,mfcc2V_sma3nz_amean,0.0,acoustics,mfcc2V_sma3nz_amean,0.0,acoustics
Sent_cuml_Peak,0.02124834245166976,0.9830475512740828,-1.938715642088384,1.9812123269917237,0.9830475512740828,semantic,0.02124834245166976,Sent_cuml_Peak,0.0013890334503672192,semantics,Sent_cuml_Peak,0.0013890334503672192,semantics
mfcc1_sma3_amean,-0.04183396192169031,0.9666310610034167,-2.0017979464617444,1.918130022618364,0.9776155048784555,acoustic,0.04183396192169031,mfcc1_sma3_amean,0.001177092337542554,acoustics,mfcc1_sma3_amean,0.001177092337542554,acoustics
Sent_cuml_Amp,0.05062436165946356,0.9596248499149044,-1.9093396228805903,2.0105883461995178,0.9694169402201585,semantic,0.05062436165946356,Sent_cuml_Amp,0.0,semantics,Sent_cuml_Amp,0.0,semantics
FT_stat_Acf1,-0.056538082890948985,0.9549131582694108,-2.016502067431003,1.903425901649105,0.9694169402201585,semantic,0.056538082890948985,FT_stat_Acf1,0.006735760305461562,semantics,FT_stat_Acf1,0.006735760305461562,semantics
BERT_cuml_Var,-0.058595753099384015,0.9532740934084158,-2.0185597376394377,1.9013682314406701,0.9694169402201585,semantic,0.058595753099384015,BERT_cuml_Var,0.009567732413318094,semantics,BERT_cuml_Var,0.009567732413318094,semantics
F1bandwidth_sma3nz_stddevNorm,0.07029154998202175,0.9439616080101297,-1.8896724345580325,2.030255534522076,0.9693759589950178,acoustic,0.07029154998202175,F1bandwidth_sma3nz_stddevNorm,0.004553916737611483,acoustics,F1bandwidth_sma3nz_stddevNorm,0.004553916737611483,acoustics
BERT_cuml_AcfZcr,0.07137579193988314,0.9430986756938464,-1.8885881926001709,2.0313397764799372,0.9694169402201585,semantic,0.07137579193988314,BERT_cuml_AcfZcr,0.0012006899854037291,semantics,BERT_cuml_AcfZcr,0.0012006899854037291,semantics
FT_MeanK1,-0.07962879570447252,0.9365324922698995,-2.0395927802445266,1.8803351888355813,0.9694169402201585,semantic,0.07962879570447252,FT_MeanK1,0.00709264800876261,semantics,FT_MeanK1,0.00709264800876261,semantics
F0MedianInST,0.08227619930471923,0.9344270804434317,-1.8776877852353349,2.0422401838447732,0.9692022303723379,acoustic,0.08227619930471923,F0MedianInST,0.0,acoustics,F0MedianInST,0.0,acoustics
mfcc4V_sma3nz_stddevNorm,-0.08665257297800144,0.9309476758275788,-2.0466165575180555,1.8733114115620526,0.9692022303723379,acoustic,0.08665257297800144,mfcc4V_sma3nz_stddevNorm,0.0006314334407026333,acoustics,mfcc4V_sma3nz_stddevNorm,0.0006314334407026333,acoustics
logRelF0_H1_H2_sma3nz_stddevNorm,0.08670472412390891,0.9309062212543094,-1.8732592604161453,2.046668708663963,0.9692022303723379,acoustic,0.08670472412390891,logRelF0_H1_H2_sma3nz_stddevNorm,0.0009037302221434806,acoustics,logRelF0_H1_H2_sma3nz_stddevNorm,0.0009037302221434806,acoustics
F0semitoneFrom27_5Hz_sma3nz_amean,-0.09023039181875957,0.9281041336443107,-2.0501943763588137,1.8697335927212944,0.9692022303723379,acoustic,0.09023039181875957,F0semitoneFrom27_5Hz_sma3nz_amean,0.0015646750674155265,acoustics,F0semitoneFrom27_5Hz_sma3nz_amean,0.0015646750674155265,acoustics
BERT_Peak,0.09199237004745422,0.9267041017071438,-1.8679716144926,2.0519563545875084,0.9694169402201585,semantic,0.09199237004745422,BERT_Peak,0.0,semantics,BERT_Peak,0.0,semantics
Sent_stat_Amp,-0.09269947053111978,0.9261423176563319,-2.052663455071174,1.8672645140089343,0.9694169402201585,semantic,0.09269947053111978,Sent_stat_Amp,0.005278354198906304,semantics,Sent_stat_Amp,0.005278354198906304,semantics
BERT_stat_Acf1,-0.09544475388104931,0.9239615698495465,-2.0554087384211033,1.8645192306590046,0.9694169402201585,semantic,0.09544475388104931,BERT_stat_Acf1,0.0,semantics,BERT_stat_Acf1,0.0,semantics
BERT_stat_Peak,0.09647642645160016,0.9231421955455512,-1.863487558088454,2.0564404109916543,0.9694169402201585,semantic,0.09647642645160016,BERT_stat_Peak,0.0014307975191571798,semantics,BERT_stat_Peak,0.0014307975191571798,semantics
BERT_cuml_Acf1,0.10299627604228526,0.9179659265238762,-1.8569677084977687,2.062960260582339,0.9694169402201585,semantic,0.10299627604228526,BERT_cuml_Acf1,0.01034440080269749,semantics,BERT_cuml_Acf1,0.01034440080269749,semantics
CCONJ_PosR,-0.10927702892546533,0.9129827657320155,-2.0692410134655193,1.8506869556145888,0.9277082942115642,morphsyn,0.10927702892546533,CCONJ_PosR,0.0010337560068522647,morphsyn,CCONJ_PosR,0.0010337560068522647,morphsyn
BERT_cuml_MCR,0.12043728811559873,0.904136754719488,-1.8395266964244554,2.080401272655653,0.9694169402201585,semantic,0.12043728811559873,BERT_cuml_MCR,0.0008712967782069354,semantics,BERT_cuml_MCR,0.0008712967782069354,semantics
Sent_stat_WL,-0.12165940466511424,0.9031687647296252,-2.081623389205168,1.8383045798749398,0.9694169402201585,semantic,0.12165940466511424,Sent_stat_WL,0.002848606167789875,semantics,Sent_stat_WL,0.002848606167789875,semantics
mfcc1V_sma3nz_amean,0.13085310036040185,0.8958915160680857,-1.8291108841796522,2.090817084900456,0.9692022303723379,acoustic,0.13085310036040185,mfcc1V_sma3nz_amean,0.0,acoustics,mfcc1V_sma3nz_amean,0.0,acoustics
FT_WL,-0.13704897918628833,0.890992080533172,-2.0970129637263426,1.8229150053537657,0.9694169402201585,semantic,0.13704897918628833,FT_WL,0.006100571221938257,semantics,FT_WL,0.006100571221938257,semantics
BERT_MeanK2,-0.14750218522445027,0.8827356550367725,-2.1074661697645043,1.8124617993156038,0.9694169402201585,semantic,0.14750218522445027,BERT_MeanK2,0.005140121931455555,semantics,BERT_MeanK2,0.005140121931455555,semantics
F0semitoneFrom27_5Hz_sma3nz_percentile80_0,-0.1510386996098398,0.8799451881897101,-2.1110026841498937,1.8089252849302142,0.9692022303723379,acoustic,0.1510386996098398,F0semitoneFrom27_5Hz_sma3nz_percentile80_0,0.0027720328035992373,acoustics,F0semitoneFrom27_5Hz_sma3nz_percentile80_0,0.0027720328035992373,acoustics
advcl_DepR,0.16551726764749047,0.8685368596621916,-1.7944467168925635,2.125481252187545,0.8970134780117717,morphsyn,0.16551726764749047,advcl_DepR,0.0036428347968801285,morphsyn,advcl_DepR,0.0036428347968801285,morphsyn
FT_cuml_MCR,-0.16791254707436848,0.8666520791409579,-2.1278765316144224,1.7920514374656855,0.9694169402201585,semantic,0.16791254707436848,FT_cuml_MCR,0.0025123761494442263,semantics,FT_cuml_MCR,0.0025123761494442263,semantics
Sent_cuml_ApEn,-0.17003894280092685,0.8649795106516924,-2.1300029273409806,1.789925041739127,0.9694169402201585,semantic,0.17003894280092685,Sent_cuml_ApEn,0.005894953669643181,semantics,Sent_cuml_ApEn,0.005894953669643181,semantics
FT_AcfZcr,-0.17637057752210464,0.8600028180449771,-2.1363345620621588,1.7835934070179493,0.9694169402201585,semantic,0.17637057752210464,FT_AcfZcr,0.0,semantics,FT_AcfZcr,0.0,semantics
parataxis_DepR,-0.18159984811668506,0.8558967680526571,-2.1415638326567388,1.778364136423369,0.8970134780117717,morphsyn,0.18159984811668506,parataxis_DepR,0.008572360986307299,morphsyn,parataxis_DepR,0.008572360986307299,morphsyn
FT_cuml_SSC,0.18191924840638687,0.8556460985073002,-1.7780447361336675,2.141883232946441,0.9694169402201585,semantic,0.18191924840638687,FT_cuml_SSC,0.0008950552929483466,semantics,FT_cuml_SSC,0.0008950552929483466,semantics
BERT_stat_MCR,0.18838109612240353,0.8505779175124515,-1.7715828884176505,2.1483450806624576,0.9694169402201585,semantic,0.18838109612240353,BERT_stat_MCR,0.0,semantics,BERT_stat_MCR,0.0,semantics
mfcc4_sma3_stddevNorm,-0.18877061949083646,0.8502726000567512,-2.1487346040308903,1.7711933650492173,0.9622379316589426,acoustic,0.18877061949083646,mfcc4_sma3_stddevNorm,0.003391880131047372,acoustics,mfcc4_sma3_stddevNorm,0.003391880131047372,acoustics
FT_stat_SSC,0.19314772548059334,0.8468432767725771,-1.7668162590594605,2.1531117100206476,0.9694169402201585,semantic,0.19314772548059334,FT_stat_SSC,0.008937971238444871,semantics,FT_stat_SSC,0.008937971238444871,semantics
mfcc2_sma3_amean,-0.19605116987491888,0.8445701152783545,-2.156015154414973,1.763912814665135,0.9622379316589426,acoustic,0.19605116987491888,mfcc2_sma3_amean,0.0,acoustics,mfcc2_sma3_amean,0.0,acoustics
FT_stat_MCR,-0.2006539980154606,0.840969132315993,-2.160617982555515,1.7593099865245934,0.9694169402201585,semantic,0.2006539980154606,FT_stat_MCR,0.0,semantics,FT_stat_MCR,0.0,semantics
F0semitoneFrom27_5Hz_sma3nz_stddevRisingSlope,-0.20354199674631368,0.8387114239639151,-2.163505981286368,1.7564219877937404,0.9622379316589426,acoustic,0.20354199674631368,F0semitoneFrom27_5Hz_sma3nz_stddevRisingSlope,0.0049201488715445475,acoustics,F0semitoneFrom27_5Hz_sma3nz_stddevRisingSlope,0.0049201488715445475,acoustics
Sent_MeanK2,-0.2036045814762345,0.8386625126409795,-2.1635685660162887,1.7563594030638197,0.9694169402201585,semantic,0.2036045814762345,Sent_MeanK2,0.0033654061093535883,semantics,Sent_MeanK2,0.0033654061093535883,semantics
loudness_sma3_percentile20_0,-0.20597499178382034,0.8368104461081592,-2.1659389763238743,1.7539889927562335,0.9622379316589426,acoustic,0.20597499178382034,loudness_sma3_percentile20_0,0.004489751271445786,acoustics,loudness_sma3_percentile20_0,0.004489751271445786,acoustics
Person2R,0.21155132349737737,0.832457087933715,-1.7484126610426767,2.1715153080374314,0.8888948566071871,morphsyn,0.21155132349737737,Person2R,0.006373258629106002,morphsyn,Person2R,0.006373258629106002,morphsyn
BERT_stat_AcfZcr,-0.2146968627888147,0.8300036686795398,-2.1746608473288687,1.7452671217512397,0.9694169402201585,semantic,0.2146968627888147,BERT_stat_AcfZcr,0.00142229067708016,semantics,BERT_stat_AcfZcr,0.00142229067708016,semantics
Sent_MeanK1,-0.21716737734772923,0.828077907096496,-2.1771313618877834,1.7427966071923249,0.9694169402201585,semantic,0.21716737734772923,Sent_MeanK1,0.003805464882675323,semantics,Sent_MeanK1,0.003805464882675323,semantics
DepthNorm,0.22233282263602389,0.8240548026797627,-1.73763116190403,2.182296807176078,0.8888948566071871,morphsyn,0.22233282263602389,DepthNorm,0.0021454551839624955,morphsyn,DepthNorm,0.0021454551839624955,morphsyn
Sent_cuml_MeanK1,0.22453608049140647,0.8223401953597665,-1.7354279040486476,2.1845000650314605,0.9694169402201585,semantic,0.22453608049140647,Sent_cuml_MeanK1,0.0,semantics,Sent_cuml_MeanK1,0.0,semantics
BERT_MeanK1,0.24292934532032195,0.808060132107402,-1.717034639219732,2.202893329860376,0.9694169402201585,semantic,0.24292934532032195,BERT_MeanK1,0.000956753816816565,semantics,BERT_MeanK1,0.000956753816816565,semantics
mfcc1V_sma3nz_stddevNorm,-0.24326449479311107,0.8078005073866992,-2.2032284793331653,1.7166994897469428,0.9622379316589426,acoustic,0.24326449479311107,mfcc1V_sma3nz_stddevNorm,0.0009976607337418807,acoustics,mfcc1V_sma3nz_stddevNorm,0.0009976607337418807,acoustics
AUX_PosR,-0.24481053832891853,0.8066031337657327,-2.2047745228689726,1.7151534462111353,0.8888948566071871,morphsyn,0.24481053832891853,AUX_PosR,0.0,morphsyn,AUX_PosR,0.0,morphsyn
FT_cuml_Peak,-0.24720866905626188,0.8047467365474215,-2.207172653596316,1.7127553154837922,0.9694169402201585,semantic,0.24720866905626188,FT_cuml_Peak,0.00353454774824249,semantics,FT_cuml_Peak,0.00353454774824249,semantics
loudness_sma3_pctlrange0_2,-0.26187307940468946,0.7934192950496352,-2.2218370639447436,1.6980909051353648,0.9622379316589426,acoustic,0.26187307940468946,loudness_sma3_pctlrange0_2,0.009242793066634163,acoustics,loudness_sma3_pctlrange0_2,0.009242793066634163,acoustics
NOUN_PosR,0.26270909744826326,0.7927748042746858,-1.697254887091791,2.2226730819883174,0.8888948566071871,morphsyn,0.26270909744826326,NOUN_PosR,0.01111498200901786,morphsyn,NOUN_PosR,0.01111498200901786,morphsyn
Sent_stat_Skew,0.27027069405427684,0.7869520094259373,-1.689693290485777,2.230234678594331,0.9694169402201585,semantic,0.27027069405427684,Sent_stat_Skew,0.0034804561983854325,semantics,Sent_stat_Skew,0.0034804561983854325,semantics
Sent_Acf1,0.27823145983856246,0.7808346864531975,-1.6817325247014916,2.2381954443786163,0.9694169402201585,semantic,0.27823145983856246,Sent_Acf1,0.0034242066365302625,semantics,Sent_Acf1,0.0034242066365302625,semantics
PitchMeanST,-0.28811374528880046,0.7732596713215846,-2.2480777298288546,1.6718502392512535,0.9622379316589426,acoustic,0.28811374528880046,PitchMeanST,0.0011620610788268236,acoustics,PitchMeanST,0.0011620610788268236,acoustics
hammarbergIndexV_sma3nz_amean,-0.3065055492276742,0.7592197553558198,-2.2664695337677285,1.65345843531238,0.9516980031925065,acoustic,0.3065055492276742,hammarbergIndexV_sma3nz_amean,0.0013635745653770301,acoustics,hammarbergIndexV_sma3nz_amean,0.0013635745653770301,acoustics
FemR,-0.30791017795903874,0.7581506809242498,-2.267874162499093,1.6520538065810153,0.8684271436041406,morphsyn,0.30791017795903874,FemR,0.013412076719832418,morphsyn,FemR,0.013412076719832418,morphsyn
BERT_Acf1,-0.30855115401450556,0.7576629822904533,-2.2685151385545597,1.6514128305255487,0.9694169402201585,semantic,0.30855115401450556,BERT_Acf1,0.007465838074027468,semantics,BERT_Acf1,0.007465838074027468,semantics
Imp_MoodR,-0.31433543280453113,0.7532662895433878,-2.274299417344585,1.6456285517355227,0.8684271436041406,morphsyn,0.31433543280453113,Imp_MoodR,0.0017078050510140835,morphsyn,Imp_MoodR,0.0017078050510140835,morphsyn
Sent_Valley,-0.3179021159976575,0.7505591874706392,-2.2778661005377114,1.6420618685423964,0.9694169402201585,semantic,0.3179021159976575,Sent_Valley,0.0004004011022896484,semantics,Sent_Valley,0.0004004011022896484,semantics
Sent_WL,0.32081759733856174,0.7483486229945095,-1.6391463872014924,2.2807815818786157,0.9694169402201585,semantic,0.32081759733856174,Sent_WL,0.0030971170948294515,semantics,Sent_WL,0.0030971170948294515,semantics
TotPauseDur,0.33297964410558567,0.7391496488597009,-1.6269843404344686,2.2929436286456397,0.9516980031925065,acoustic,0.33297964410558567,TotPauseDur,0.005260759274283337,acoustics,TotPauseDur,0.005260759274283337,acoustics
DET_PosR,0.34610168010840997,0.7292663008274605,-1.613862304431644,2.306065664648464,0.8668637160779247,morphsyn,0.34610168010840997,DET_PosR,0.0015837477463767128,morphsyn,DET_PosR,0.0015837477463767128,morphsyn
Sent_stat_MeanK1,-0.3475964541587848,0.7281432695957641,-2.3075604386988386,1.6123675303812692,0.9694169402201585,semantic,0.3475964541587848,Sent_stat_MeanK1,0.0030169100144488018,semantics,Sent_stat_MeanK1,0.0030169100144488018,semantics
hammarbergIndexV_sma3nz_stddevNorm,-0.3476164849739087,0.7281282243000906,-2.3075804695139626,1.6123474995661455,0.9452140889365629,acoustic,0.3476164849739087,hammarbergIndexV_sma3nz_stddevNorm,0.0,acoustics,hammarbergIndexV_sma3nz_stddevNorm,0.0,acoustics
F0semitoneFrom27_5Hz_sma3nz_percentile50_0,0.35051288026176614,0.7259538254758,-1.609451104278288,2.3104768648018204,0.9452140889365629,acoustic,0.35051288026176614,F0semitoneFrom27_5Hz_sma3nz_percentile50_0,0.0031712450368079643,acoustics,F0semitoneFrom27_5Hz_sma3nz_percentile50_0,0.0031712450368079643,acoustics
PlurR,0.3533167259615625,0.7238510076121756,-1.6066472585784914,2.3132807105016164,0.8668637160779247,morphsyn,0.3533167259615625,PlurR,0.00514803507939707,morphsyn,PlurR,0.00514803507939707,morphsyn
Pres_TenseR,0.35509877051226063,0.7225155976983066,-1.604865214027793,2.3150627550523146,0.8668637160779247,morphsyn,0.35509877051226063,Pres_TenseR,0.0006329462292593638,morphsyn,Pres_TenseR,0.0006329462292593638,morphsyn
NUM_PosR,0.3571522806552217,0.7209778075877317,-1.6028117038848324,2.317116265195276,0.8668637160779247,morphsyn,0.3571522806552217,NUM_PosR,0.006333422108841138,morphsyn,NUM_PosR,0.006333422108841138,morphsyn
Sent_cuml_Valley,0.36336594117918486,0.7163315405363073,-1.596598043360869,2.3233299257192392,0.9694169402201585,semantic,0.36336594117918486,Sent_cuml_Valley,0.005413963916269083,semantics,Sent_cuml_Valley,0.005413963916269083,semantics
SYM_PosR,-0.3668286577552144,0.7137468297662668,-2.3267926422952683,1.5931353267848396,0.8668637160779247,morphsyn,0.3668286577552144,SYM_PosR,0.0017734092152625995,morphsyn,SYM_PosR,0.0017734092152625995,morphsyn
mfcc2V_sma3nz_stddevNorm,-0.37030580516362416,0.7111546488930838,-2.3302697897036784,1.58965817937643,0.9452140889365629,acoustic,0.37030580516362416,mfcc2V_sma3nz_stddevNorm,0.006608864317146358,acoustics,mfcc2V_sma3nz_stddevNorm,0.006608864317146358,acoustics
BERT_AcfZcr,0.371428504721252,0.710318397930769,-1.588535479818802,2.3313924892613063,0.9694169402201585,semantic,0.371428504721252,BERT_AcfZcr,0.0051677844337080095,semantics,BERT_AcfZcr,0.0051677844337080095,semantics
slopeUV0_500_sma3nz_amean,-0.38156034982260784,0.7027874991591545,-2.3415243343626617,1.5784036347174462,0.9452140889365629,acoustic,0.38156034982260784,slopeUV0_500_sma3nz_amean,0.003739427091504175,acoustics,slopeUV0_500_sma3nz_amean,0.003739427091504175,acoustics
Past_TenseR,0.39763342455576706,0.6909004185784777,-1.562330559984287,2.3575974090958214,0.8668637160779247,morphsyn,0.39763342455576706,Past_TenseR,0.0021119819516422647,morphsyn,Past_TenseR,0.0021119819516422647,morphsyn
INTJ_PosR,0.39957048259176037,0.6894729008197267,-1.5603935019482937,2.3595344671318146,0.8668637160779247,morphsyn,0.39957048259176037,INTJ_PosR,0.003754934417220512,morphsyn,INTJ_PosR,0.003754934417220512,morphsyn
FT_Valley,-0.4002449919807514,0.688976079160206,-2.3602089765208056,1.559718992559303,0.9694169402201585,semantic,0.4002449919807514,FT_Valley,0.005816586197216905,semantics,FT_Valley,0.005816586197216905,semantics
F0semitoneFrom27_5Hz_sma3nz_percentile20_0,0.41102266955513417,0.6810559120501584,-1.5489413149849198,2.370986654095188,0.9452140889365629,acoustic,0.41102266955513417,F0semitoneFrom27_5Hz_sma3nz_percentile20_0,0.004706888999549593,acoustics,F0semitoneFrom27_5Hz_sma3nz_percentile20_0,0.004706888999549593,acoustics
Sent_MeanG,-0.4225323586525843,0.6726364869404131,-2.3824963431926385,1.5374316258874696,0.9694169402201585,semantic,0.4225323586525843,Sent_MeanG,0.0021045614653951816,semantics,Sent_MeanG,0.0021045614653951816,semantics
Sent_cuml_AcfZcr,0.42698554985816956,0.6693898526734752,-1.5329784346818844,2.3869495343982234,0.9694169402201585,semantic,0.42698554985816956,Sent_cuml_AcfZcr,0.0018387695475845483,semantics,Sent_cuml_AcfZcr,0.0018387695475845483,semantics
aux_DepR,0.42949024688577647,0.6675664900982203,-1.5304737376542776,2.3894542314258302,0.8668637160779247,morphsyn,0.42949024688577647,aux_DepR,0.004478091073626741,morphsyn,aux_DepR,0.004478091073626741,morphsyn
RawF0_p75,0.430420286104339,0.6668899412798617,-1.5295436984357151,2.390384270644393,0.9452140889365629,acoustic,0.430420286104339,RawF0_p75,0.011471617663407884,acoustics,RawF0_p75,0.011471617663407884,acoustics
jitterLocal_sma3nz_stddevNorm,0.44898996614797787,0.6534388948595462,-1.5109740183920761,2.408953950688032,0.9380009942338646,acoustic,0.44898996614797787,jitterLocal_sma3nz_stddevNorm,0.0020195108595071165,acoustics,jitterLocal_sma3nz_stddevNorm,0.0020195108595071165,acoustics
FT_Peak,-0.47546473499447073,0.6344557631293983,-2.4354287195345248,1.4844992495455835,0.9694169402201585,semantic,0.47546473499447073,FT_Peak,0.0,semantics,FT_Peak,0.0,semantics
Sent_stat_Kurt,-0.479811358236859,0.6313615356707976,-2.439775342776913,1.480152626303195,0.9694169402201585,semantic,0.479811358236859,Sent_stat_Kurt,0.0,semantics,Sent_stat_Kurt,0.0,semantics
Sent_cuml_WL,0.4812061153168142,0.6303700149910112,-1.4787578692232402,2.441170099856868,0.9694169402201585,semantic,0.4812061153168142,Sent_cuml_WL,0.004930845070845156,semantics,Sent_cuml_WL,0.004930845070845156,semantics
Sent_cuml_Var,0.48164017681911864,0.6300615801055166,-1.4783238077209353,2.441604161359173,0.9694169402201585,semantic,0.48164017681911864,Sent_cuml_Var,0.002639088615986994,semantics,Sent_cuml_Var,0.002639088615986994,semantics
SpeechTime,0.5050393361682186,0.6135312079536772,-1.4549246483718354,2.4650033207082727,0.9050432736112255,acoustic,0.5050393361682186,SpeechTime,0.0023628429455817934,acoustics,SpeechTime,0.0023628429455817934,acoustics
BERT_stat_WL,-0.5060620029081394,0.6128131237621057,-2.466025987448194,1.4539019816319148,0.9694169402201585,semantic,0.5060620029081394,BERT_stat_WL,0.004100002916811942,semantics,BERT_stat_WL,0.004100002916811942,semantics
ADJ_PosR,0.5092655802447164,0.6105660806705668,-1.4506984042953377,2.4692295647847704,0.8547925129387935,morphsyn,0.5092655802447164,ADJ_PosR,0.007966592771796954,morphsyn,ADJ_PosR,0.007966592771796954,morphsyn
alphaRatioUV_sma3nz_amean,-0.5282848772383453,0.597301626249422,-2.4882488617783993,1.4316791073017088,0.8959524393741329,acoustic,0.5282848772383453,alphaRatioUV_sma3nz_amean,0.0013148028934333834,acoustics,alphaRatioUV_sma3nz_amean,0.0013148028934333834,acoustics
loudness_sma3_percentile80_0,-0.538179038087673,0.5904534502606142,-2.498143022627727,1.421784946452381,0.8906840181897402,acoustic,0.538179038087673,loudness_sma3_percentile80_0,0.009312461993203673,acoustics,loudness_sma3_percentile80_0,0.009312461993203673,acoustics
BERT_MeanG,0.538393608785189,0.5903053378022244,-1.4215703757548648,2.498357593325243,0.9694169402201585,semantic,0.538393608785189,BERT_MeanG,0.0,semantics,BERT_MeanG,0.0,semantics
DefiniteR,-0.5422387646199005,0.5876540339156245,-2.5022027491599546,1.4177252199201535,0.8414137303791898,morphsyn,0.5422387646199005,DefiniteR,0.0,morphsyn,DefiniteR,0.0,morphsyn
flat_DepR,0.5455899955730027,0.5853478028507049,-1.4143739889670515,2.505553980113057,0.8414137303791898,morphsyn,0.5455899955730027,flat_DepR,0.0003497654097197266,morphsyn,flat_DepR,0.0003497654097197266,morphsyn
Sent_Kurt,0.5496234967844102,0.582577639238441,-1.4103404877556438,2.509587481324464,0.9694169402201585,semantic,0.5496234967844102,Sent_Kurt,0.004663435830657384,semantics,Sent_Kurt,0.004663435830657384,semantics
PhraseRatio,0.5584759330049731,0.5765194342997437,-1.401488051535081,2.518439917545027,0.8414137303791898,morphsyn,0.5584759330049731,PhraseRatio,0.0013643252003042812,morphsyn,PhraseRatio,0.0013643252003042812,morphsyn
FT_MeanK2,0.5741358841587056,0.5658758522445124,-1.3858281003813486,2.5340998686987595,0.9694169402201585,semantic,0.5741358841587056,FT_MeanK2,0.009870559716303242,semantics,FT_MeanK2,0.009870559716303242,semantics
Person3R,-0.5761441473942363,0.5645177534144827,-2.53610813193429,1.383819837145818,0.8414137303791898,morphsyn,0.5761441473942363,Person3R,0.007797966087008854,morphsyn,Person3R,0.007797966087008854,morphsyn
appos_DepR,0.5808205654091354,0.561361393120092,-1.3791434191309186,2.5407845499491897,0.8414137303791898,morphsyn,0.5808205654091354,appos_DepR,0.0014795988538365572,morphsyn,appos_DepR,0.0014795988538365572,morphsyn
FT_stat_WL,0.5879696667155233,0.5565526532110461,-1.3719943178245306,2.5479336512555775,0.9694169402201585,semantic,0.5879696667155233,FT_stat_WL,0.002910973476785825,semantics,FT_stat_WL,0.002910973476785825,semantics
Sent_AcfZcr,0.5891975346974372,0.5557287707501993,-1.3707664498426169,2.5491615192374915,0.9694169402201585,semantic,0.5891975346974372,Sent_AcfZcr,0.0020618647766389815,semantics,Sent_AcfZcr,0.0020618647766389815,semantics
Cnd_MoodR,-0.5901234651894688,0.5551078781995181,-2.550087449729523,1.3698405193505852,0.8414137303791898,morphsyn,0.5901234651894688,Cnd_MoodR,0.0006936875500031354,morphsyn,Cnd_MoodR,0.0006936875500031354,morphsyn
PropPause,0.5966054255154637,0.5507708480582534,-1.3633585590245905,2.5565694100555176,0.8835605412238878,acoustic,0.5966054255154637,PropPause,0.009573604183934806,acoustics,PropPause,0.009573604183934806,acoustics
FT_stat_Valley,0.5982599715598296,0.549666481039498,-1.3617040129802243,2.5582239560998836,0.9694169402201585,semantic,0.5982599715598296,FT_stat_Valley,0.002769675038110048,semantics,FT_stat_Valley,0.002769675038110048,semantics
slopeV500_1500_sma3nz_stddevNorm,-0.604384545723306,0.5455880080549167,-2.5643485302633597,1.3555794388167481,0.8835605412238878,acoustic,0.604384545723306,slopeV500_1500_sma3nz_stddevNorm,0.0024564211098987623,acoustics,slopeV500_1500_sma3nz_stddevNorm,0.0024564211098987623,acoustics
Imp_TenseR,-0.6271970323367111,0.5305300882947515,-2.5871610168767654,1.332766952203343,0.8414137303791898,morphsyn,0.6271970323367111,Imp_TenseR,0.006258660589072435,morphsyn,Imp_TenseR,0.006258660589072435,morphsyn
BERT_stat_MeanK1,0.6309764457538732,0.528055925579171,-1.3289875387861805,2.5909404302939274,0.9694169402201585,semantic,0.6309764457538732,BERT_stat_MeanK1,0.0005666156044105552,semantics,BERT_stat_MeanK1,0.0005666156044105552,semantics
mfcc2_sma3_stddevNorm,0.632885828010325,0.5268082031420802,-1.3270781565297292,2.592849812550379,0.8743921825598681,acoustic,0.632885828010325,mfcc2_sma3_stddevNorm,0.0,acoustics,mfcc2_sma3_stddevNorm,0.0,acoustics
Sent_stat_Peak,-0.6383458023208389,0.5232486028554719,-2.598309786860893,1.3216181822192148,0.9694169402201585,semantic,0.6383458023208389,Sent_stat_Peak,0.0,semantics,Sent_stat_Peak,0.0,semantics
IndefiniteR,0.6388236823262715,0.5229376401236984,-1.3211403022137829,2.5987876668663255,0.8414137303791898,morphsyn,0.6388236823262715,IndefiniteR,0.00144316866220227,morphsyn,IndefiniteR,0.00144316866220227,morphsyn
FT_Skew,-0.6494039360354597,0.5160773205560629,-2.6093679205755134,1.3105600485045945,0.9694169402201585,semantic,0.6494039360354597,FT_Skew,0.010453414675961373,semantics,FT_Skew,0.010453414675961373,semantics
FT_Amp,-0.65421351985377,0.5129742524297429,-2.614177504393824,1.305750464686284,0.9694169402201585,semantic,0.65421351985377,FT_Amp,0.004400884291087159,semantics,FT_Amp,0.004400884291087159,semantics
TotInternuclDur,-0.6674497815951206,0.5044848767232981,-2.6274137661351746,1.2925142029449335,0.8690158844201329,acoustic,0.6674497815951206,TotInternuclDur,0.008029327523008969,acoustics,TotInternuclDur,0.008029327523008969,acoustics
BERT_WL,0.6681239235301187,0.5040544919322545,-1.2918400610099352,2.628087908070173,0.9694169402201585,semantic,0.6681239235301187,BERT_WL,0.0,semantics,BERT_WL,0.0,semantics
logRelF0_H1_A3_sma3nz_amean,0.6684409076509553,0.5038521903365069,-1.2915230768890988,2.6284048921910097,0.8690158844201329,acoustic,0.6684409076509553,logRelF0_H1_A3_sma3nz_amean,0.0,acoustics,logRelF0_H1_A3_sma3nz_amean,0.0,acoustics
BERT_cuml_WL,0.6725275401911227,0.5012479135587251,-1.2874364443489312,2.6324915247311766,0.9694169402201585,semantic,0.6725275401911227,BERT_cuml_WL,0.007702037265869826,semantics,BERT_cuml_WL,0.007702037265869826,semantics
HNRdBACF_sma3nz_stddevNorm,-0.674920395892513,0.4997263415277329,-2.6348843804325672,1.2850435886475413,0.8690158844201329,acoustic,0.674920395892513,HNRdBACF_sma3nz_stddevNorm,0.003134145495026723,acoustics,HNRdBACF_sma3nz_stddevNorm,0.003134145495026723,acoustics
FT_cuml_Acf1,-0.6809421052019328,0.4959081243812584,-2.640906089741987,1.2790218793381214,0.9694169402201585,semantic,0.6809421052019328,FT_cuml_Acf1,0.0032917738220547012,semantics,FT_cuml_Acf1,0.0032917738220547012,semantics
RawF0_p25,0.6942653966587905,0.48751578736219936,-1.2656985878812634,2.6542293811988444,0.8690158844201329,acoustic,0.6942653966587905,RawF0_p25,0.000707756095392817,acoustics,RawF0_p25,0.000707756095392817,acoustics
BERT_ApEn,-0.7007436836236889,0.4834629890823886,-2.660707668163743,1.259220300916365,0.9694169402201585,semantic,0.7007436836236889,BERT_ApEn,0.001958256356987643,semantics,BERT_ApEn,0.001958256356987643,semantics
F3bandwidth_sma3nz_amean,0.7040467427390812,0.4814036647335045,-1.2559172418009728,2.6640107272791353,0.8690158844201329,acoustic,0.7040467427390812,F3bandwidth_sma3nz_amean,0.0,acoustics,F3bandwidth_sma3nz_amean,0.0,acoustics
Sent_Peak,0.7060653259559563,0.4801475135325356,-1.2538986585840979,2.66602931049601,0.9694169402201585,semantic,0.7060653259559563,Sent_Peak,0.0007658969418971797,semantics,Sent_Peak,0.0007658969418971797,semantics
FT_Acf1,0.706260068363158,0.48002642118397876,-1.253703916176896,2.666224052903212,0.9694169402201585,semantic,0.706260068363158,FT_Acf1,0.0011571976455015838,semantics,FT_Acf1,0.0011571976455015838,semantics
ADV_PosR,0.7095466901126032,0.47798528819791763,-1.2504172944274508,2.669510674652657,0.8364742543463559,morphsyn,0.7095466901126032,ADV_PosR,0.005444337735088318,morphsyn,ADV_PosR,0.005444337735088318,morphsyn
FT_stat_ApEn,-0.7133213244625638,0.4756469448728834,-2.673285309002618,1.2466426600774903,0.9694169402201585,semantic,0.7133213244625638,FT_stat_ApEn,0.006702526840579683,semantics,FT_stat_ApEn,0.006702526840579683,semantics
Sent_cuml_Acf1,-0.7271758882382469,0.4671182148756615,-2.687139872778301,1.2327880963018072,0.9694169402201585,semantic,0.7271758882382469,Sent_cuml_Acf1,0.005097161377928656,semantics,Sent_cuml_Acf1,0.005097161377928656,semantics
PROPN_PosR,-0.7281829360811691,0.4665016100350109,-2.688146920621223,1.231781048458885,0.8364742543463559,morphsyn,0.7281829360811691,PROPN_PosR,0.0013850178774461636,morphsyn,PROPN_PosR,0.0013850178774461636,morphsyn
FT_stat_MeanK1,0.7351413861973038,0.46225339154623246,-1.22482259834275,2.6951053707373576,0.9694169402201585,semantic,0.7351413861973038,FT_stat_MeanK1,0.0,semantics,FT_stat_MeanK1,0.0,semantics
F1amplitudeLogRelF0_sma3nz_amean,0.7444165471820607,0.4566245113105337,-1.2155474373579933,2.704380531722115,0.8690158844201329,acoustic,0.7444165471820607,F1amplitudeLogRelF0_sma3nz_amean,0.0,acoustics,F1amplitudeLogRelF0_sma3nz_amean,0.0,acoustics
F1frequency_sma3nz_stddevNorm,0.7649397729989886,0.44430740883805186,-1.1950242115410654,2.7249037575390425,0.8596382475344916,acoustic,0.7649397729989886,F1frequency_sma3nz_stddevNorm,0.004361720476799552,acoustics,F1frequency_sma3nz_stddevNorm,0.004361720476799552,acoustics
nmod_DepR,-0.7713431500358597,0.440503562276786,-2.7313071345759137,1.1886208345041944,0.816227188924633,morphsyn,0.7713431500358597,nmod_DepR,0.007100556328814699,morphsyn,nmod_DepR,0.007100556328814699,morphsyn
pmt2rsp,-0.7730493154485474,0.4394931954182273,-2.733013299988601,1.186914669091507,0.9694169402201585,semantic,0.7730493154485474,pmt2rsp,0.0,semantics,pmt2rsp,0.0,semantics
logRelF0_H1_H2_sma3nz_amean,-0.7915668799369645,0.428613265093161,-2.7515308644770182,1.1683971046030897,0.8477017909620295,acoustic,0.7915668799369645,logRelF0_H1_H2_sma3nz_amean,0.006016009307681199,acoustics,logRelF0_H1_H2_sma3nz_amean,0.006016009307681199,acoustics
Sent_Amp,0.801251202640892,0.4229862343746217,-1.1587127818991623,2.761215187180946,0.9694169402201585,semantic,0.801251202640892,Sent_Amp,0.0017062992885742965,semantics,Sent_Amp,0.0017062992885742965,semantics
advmod_DepR,0.8105388870427116,0.4176305245941033,-1.1494250974973423,2.7705028715827655,0.7972946378614699,morphsyn,0.8105388870427116,advmod_DepR,0.0019875902417002002,morphsyn,advmod_DepR,0.0019875902417002002,morphsyn
RawF0_p50,0.8275483160864977,0.4079263485924798,-1.1324156684535565,2.7875123006265516,0.8251237505620614,acoustic,0.8275483160864977,RawF0_p50,0.002452699655276984,acoustics,RawF0_p50,0.002452699655276984,acoustics
cc_DepR,-0.8345488416135888,0.40397177663571415,-2.794512826153643,1.1254151429264654,0.7953194352515622,morphsyn,0.8345488416135888,cc_DepR,0.0002797149365309076,morphsyn,cc_DepR,0.0002797149365309076,morphsyn
spectralFluxV_sma3nz_amean,-0.8363934686800765,0.40293358570989113,-2.7963574532201307,1.1235705158599776,0.8233623233720281,acoustic,0.8363934686800765,spectralFluxV_sma3nz_amean,0.007359342012536954,acoustics,spectralFluxV_sma3nz_amean,0.007359342012536954,acoustics
Sent_stat_SSC,-0.8420087512072131,0.39978305502272315,-2.801972735747267,1.1179552333328409,0.9694169402201585,semantic,0.8420087512072131,Sent_stat_SSC,0.009457049626322756,semantics,Sent_stat_SSC,0.009457049626322756,semantics
TrajIntraZ,-0.853523679390925,0.39336896195104265,-2.813487663930979,1.1064403051491292,0.820543069069753,acoustic,0.853523679390925,TrajIntraZ,0.024425431418384012,acoustics,TrajIntraZ,0.024425431418384012,acoustics
FT_SSC,-0.8692685401309473,0.3847002660595583,-2.8292325246710015,1.0906954444091068,0.9694169402201585,semantic,0.8692685401309473,FT_SSC,0.0003735023681713023,semantics,FT_SSC,0.0003735023681713023,semantics
loudness_sma3_percentile50_0,-0.8974918991271846,0.36945649416603465,-2.8574558836672383,1.0624720854128695,0.7828959043042163,acoustic,0.8974918991271846,loudness_sma3_percentile50_0,0.011031424028774989,acoustics,loudness_sma3_percentile50_0,0.011031424028774989,acoustics
fixed_DepR,-0.9163793935333326,0.3594679394660588,-2.8763433780733867,1.0435845910067216,0.7305316189148937,morphsyn,0.9163793935333326,fixed_DepR,0.0067693846482887446,morphsyn,fixed_DepR,0.0067693846482887446,morphsyn
Sent_Var,0.9191224008644819,0.35803155362241734,-1.040841583675572,2.879086385404536,0.9694169402201585,semantic,0.9191224008644819,Sent_Var,0.0027862577189616397,semantics,Sent_Var,0.0027862577189616397,semantics
VERB_PosR,-0.9254214777121642,0.3547467110557416,-2.8853854622522186,1.0345425068278897,0.7305316189148937,morphsyn,0.9254214777121642,VERB_PosR,0.0,morphsyn,VERB_PosR,0.0,morphsyn
loudness_sma3_stddevNorm,-0.9294601916198996,0.35265064642130084,-2.8894241761599537,1.0305037929201544,0.7678235186995017,acoustic,0.9294601916198996,loudness_sma3_stddevNorm,0.0,acoustics,loudness_sma3_stddevNorm,0.0,acoustics
mfcc4V_sma3nz_amean,0.9387765207593636,0.34784549614554483,-1.0211874637806904,2.8987405052994175,0.7675598964533923,acoustic,0.9387765207593636,mfcc4V_sma3nz_amean,0.0,acoustics,mfcc4V_sma3nz_amean,0.0,acoustics
Sent_cuml_SSC,0.9444029709000826,0.34496376389073447,-1.0155610136399713,2.904366955440137,0.9694169402201585,semantic,0.9444029709000826,Sent_cuml_SSC,0.0021817346380136387,semantics,Sent_cuml_SSC,0.0021817346380136387,semantics
Linearization,-0.957743445977197,0.33819214308424306,-2.917707430517251,1.002220538562857,0.7305316189148937,morphsyn,0.957743445977197,Linearization,0.0,morphsyn,Linearization,0.0,morphsyn
dep_DepR,0.9689848638463691,0.33255274124748324,-0.990979120693685,2.9289488483864234,0.7305316189148937,morphsyn,0.9689848638463691,dep_DepR,0.013791374423576018,morphsyn,dep_DepR,0.013791374423576018,morphsyn
FT_cuml_AcfZcr,1.0125090062171536,0.3112947427095746,-0.9474549783229004,2.9724729907572076,0.9694169402201585,semantic,1.0125090062171536,FT_cuml_AcfZcr,0.009760935948106663,semantics,FT_cuml_AcfZcr,0.009760935948106663,semantics
FT_ApEn,-1.0433782150015334,0.2967731590545404,-3.0033421995415877,0.9165857695385207,0.9694169402201585,semantic,1.0433782150015334,FT_ApEn,0.0004741368072084037,semantics,FT_ApEn,0.0004741368072084037,semantics
Sent_stat_ApEn,1.0510345818415219,0.29324270732554725,-0.9089294026985323,3.010998566381576,0.9694169402201585,semantic,1.0510345818415219,Sent_stat_ApEn,0.0,semantics,Sent_stat_ApEn,0.0,semantics
PitchBottomST,-1.0516195943595752,0.29297411423195263,-3.0115835788996295,0.9083443901804789,0.6808330683123576,acoustic,1.0516195943595752,PitchBottomST,0.0045897254464325596,acoustics,PitchBottomST,0.0045897254464325596,acoustics
BERT_stat_ApEn,-1.052161018732561,0.29272568067464544,-3.012125003272615,0.907802965807493,0.9694169402201585,semantic,1.052161018732561,BERT_stat_ApEn,0.0,semantics,BERT_stat_ApEn,0.0,semantics
F3amplitudeLogRelF0_sma3nz_amean,1.0580170598878804,0.2900476648049307,-0.9019469246521739,3.017981044427935,0.6808330683123576,acoustic,1.0580170598878804,F3amplitudeLogRelF0_sma3nz_amean,0.016320765032861735,acoustics,F3amplitudeLogRelF0_sma3nz_amean,0.016320765032861735,acoustics
BERT_stat_Skew,1.0581878358308832,0.2899698158343623,-0.9017761487091709,3.018151820370937,0.9694169402201585,semantic,1.0581878358308832,BERT_stat_Skew,0.0,semantics,BERT_stat_Skew,0.0,semantics
Sent_Skew,1.0614926362742831,0.2884660776486302,-0.8984713482657709,3.021456620814337,0.9694169402201585,semantic,1.0614926362742831,Sent_Skew,0.0013173145320686218,semantics,Sent_Skew,0.0013173145320686218,semantics
FT_stat_Amp,-1.0686598898231117,0.2852229514342536,-3.0286238743631655,0.8913040947169424,0.9694169402201585,semantic,1.0686598898231117,FT_stat_Amp,0.0015334272371745465,semantics,FT_stat_Amp,0.0015334272371745465,semantics
hammarbergIndexUV_sma3nz_amean,1.101088418463795,0.2708581770969104,-0.8588755660762588,3.061052403003849,0.6696216044895841,acoustic,1.101088418463795,hammarbergIndexUV_sma3nz_amean,0.0,acoustics,hammarbergIndexUV_sma3nz_amean,0.0,acoustics
HNRdBACF_sma3nz_amean,1.1050136255017013,0.26915368511879134,-0.8549503590383528,3.0649776100417556,0.6696216044895841,acoustic,1.1050136255017013,HNRdBACF_sma3nz_amean,0.020429477248255157,acoustics,HNRdBACF_sma3nz_amean,0.020429477248255157,acoustics
Sent_cuml_MCR,1.1127320800501264,0.26582351339478294,-0.8472319044899278,3.0726960645901804,0.9694169402201585,semantic,1.1127320800501264,Sent_cuml_MCR,0.0034185726432775115,semantics,Sent_cuml_MCR,0.0034185726432775115,semantics
FT_cuml_Valley,1.1154005540407028,0.26467881223235834,-0.8445634304993512,3.0753645385807573,0.9694169402201585,semantic,1.1154005540407028,FT_cuml_Valley,0.0029603064236652372,semantics,FT_cuml_Valley,0.0029603064236652372,semantics
MeanUnvoicedSegmentLength,1.1400933456035545,0.2542474139619847,-0.8198706389364996,3.1000573301436085,0.6527313416139414,acoustic,1.1400933456035545,MeanUnvoicedSegmentLength,0.005866232653560189,acoustics,MeanUnvoicedSegmentLength,0.005866232653560189,acoustics
Ind_MoodR,1.1455450350506193,0.251983451168178,-0.8144189494894348,3.1055090195906736,0.587961386059082,morphsyn,1.1455450350506193,Ind_MoodR,0.002413231407699982,morphsyn,Ind_MoodR,0.002413231407699982,morphsyn
ccomp_DepR,-1.1717785889995571,0.24128596103731825,-3.1317425735396114,0.7881853955404969,0.5846544440519635,morphsyn,1.1717785889995571,ccomp_DepR,0.011035704643673063,morphsyn,ccomp_DepR,0.011035704643673063,morphsyn
F2amplitudeLogRelF0_sma3nz_amean,1.1784666894398101,0.2386106045377464,-0.7814972951002439,3.1384306739798644,0.6307824892235475,acoustic,1.1784666894398101,F2amplitudeLogRelF0_sma3nz_amean,0.001549994521810802,acoustics,F2amplitudeLogRelF0_sma3nz_amean,0.001549994521810802,acoustics
PRON_PosR,-1.1859610526803221,0.2356376806888112,-3.145925037220376,0.7740029318597319,0.5846544440519635,morphsyn,1.1859610526803221,PRON_PosR,0.00944649342269128,morphsyn,PRON_PosR,0.00944649342269128,morphsyn
slopeV500_1500_sma3nz_amean,1.2190600407734051,0.22282140491012803,-0.7409039437666488,3.1790240253134594,0.6009425768788301,acoustic,1.2190600407734051,slopeV500_1500_sma3nz_amean,0.008048637045355687,acoustics,slopeV500_1500_sma3nz_amean,0.008048637045355687,acoustics
NrofSafe,-1.265718225231381,0.20561398095614325,-3.225682209771435,0.694245759308673,0.5601931930131657,acoustic,1.265718225231381,NrofSafe,0.003602692161427001,acoustics,NrofSafe,0.003602692161427001,acoustics
BERT_Var,-1.2732496961696094,0.20292945087573966,-3.2332136807096634,0.6867142883704448,0.956667411271344,semantic,1.2732496961696094,BERT_Var,0.013142500876197019,semantics,BERT_Var,0.013142500876197019,semantics
FT_cuml_Skew,1.2783861071798013,0.2011133201433274,-0.681577877360253,3.238350091719855,0.956667411271344,semantic,1.2783861071798013,FT_cuml_Skew,0.0013590023494988745,semantics,FT_cuml_Skew,0.0013590023494988745,semantics
Falls,-1.2804836939426782,0.2003750758916878,-3.240447678482732,0.6794802905973758,0.5585790039569328,acoustic,1.2804836939426782,Falls,0.0004384844750863526,acoustics,Falls,0.0004384844750863526,acoustics
FT_cuml_MeanK1,-1.2853293369972516,0.1986772226102972,-3.245293321537306,0.6746346475428024,0.956667411271344,semantic,1.2853293369972516,FT_cuml_MeanK1,0.002491670372409496,semantics,FT_cuml_MeanK1,0.002491670372409496,semantics
mfcc4_sma3_amean,1.3105823355390274,0.18999891038392946,-0.6493816490010267,3.2705463200790814,0.5454807427151523,acoustic,1.3105823355390274,mfcc4_sma3_amean,0.01106877022795134,acoustics,mfcc4_sma3_amean,0.01106877022795134,acoustics
F1amplitudeLogRelF0_sma3nz_stddevNorm,-1.3149422314269756,0.18852931811835139,-3.2749062159670297,0.6450217531130782,0.5454807427151523,acoustic,1.3149422314269756,F1amplitudeLogRelF0_sma3nz_stddevNorm,0.0015517117487941284,acoustics,F1amplitudeLogRelF0_sma3nz_stddevNorm,0.0015517117487941284,acoustics
BERT_MCR,1.3315754553102621,0.18299973484523235,-0.6283885292297919,3.2915394398503164,0.956667411271344,semantic,1.3315754553102621,BERT_MCR,0.002956845073324445,semantics,BERT_MCR,0.002956845073324445,semantics
spectralFlux_sma3_stddevNorm,-1.3401280175584327,0.18020372869605672,-3.3000920020984865,0.6198359669816215,0.5346043951316349,acoustic,1.3401280175584327,spectralFlux_sma3_stddevNorm,0.0007717251945573474,acoustics,spectralFlux_sma3_stddevNorm,0.0007717251945573474,acoustics
csubj_DepR,-1.3487889938570914,0.17740475087278396,-3.3087529783971457,0.6111749906829627,0.4656874710410579,morphsyn,1.3487889938570914,csubj_DepR,0.0006142679973393307,morphsyn,csubj_DepR,0.0006142679973393307,morphsyn
F2frequency_sma3nz_stddevNorm,1.367741229014028,0.17139308971124578,-0.5922227555260259,3.3277052135540814,0.5200222153738935,acoustic,1.367741229014028,F2frequency_sma3nz_stddevNorm,0.0014673469471805551,acoustics,F2frequency_sma3nz_stddevNorm,0.0014673469471805551,acoustics
spectralFlux_sma3_amean,-1.383383954753951,0.1665471677365259,-3.343347939294005,0.5765800297861028,0.5111275147776139,acoustic,1.383383954753951,spectralFlux_sma3_amean,0.0006015422171329133,acoustics,spectralFlux_sma3_amean,0.0006015422171329133,acoustics
BERT_cuml_Skew,1.383607845543906,0.16647856471464373,-0.5763561389961481,3.34357183008396,0.956667411271344,semantic,1.383607845543906,BERT_cuml_Skew,0.0,semantics,BERT_cuml_Skew,0.0,semantics
F0semitoneFrom27_5Hz_sma3nz_pctlrange0_2,-1.3936858398910785,0.16341249407936986,-3.3536498244311326,0.5662781446489756,0.5111275147776139,acoustic,1.3936858398910785,F0semitoneFrom27_5Hz_sma3nz_pctlrange0_2,0.00631756947908767,acoustics,F0semitoneFrom27_5Hz_sma3nz_pctlrange0_2,0.00631756947908767,acoustics
F3frequency_sma3nz_amean,-1.406615738001064,0.15954136376912698,-3.366579722541118,0.5533482465389902,0.5071136205518679,acoustic,1.406615738001064,F3frequency_sma3nz_amean,0.003117505119089243,acoustics,F3frequency_sma3nz_amean,0.003117505119089243,acoustics
BERT_cuml_Kurt,-1.4102235119724957,0.15847369535941158,-3.37018749651255,0.5497404725675584,0.956667411271344,semantic,1.4102235119724957,BERT_cuml_Kurt,0.0,semantics,BERT_cuml_Kurt,0.0,semantics
slopeV0_500_sma3nz_amean,1.435476275660774,0.15115142410548574,-0.5244877088792802,3.395440260200828,0.49216378336786215,acoustic,1.435476275660774,slopeV0_500_sma3nz_amean,0.004958439729471805,acoustics,slopeV0_500_sma3nz_amean,0.004958439729471805,acoustics
FT_cuml_WL,1.464779098182178,0.14298119630289488,-0.49518488635787605,3.424743082722232,0.9436758955991061,semantic,1.464779098182178,FT_cuml_WL,0.0016306128734731922,semantics,FT_cuml_WL,0.0016306128734731922,semantics
F2frequency_sma3nz_amean,-1.488462612969418,0.13662893483842933,-3.448426597509472,0.4715013715706359,0.4559990700232579,acoustic,1.488462612969418,F2frequency_sma3nz_amean,0.006352898194960742,acoustics,F2frequency_sma3nz_amean,0.006352898194960742,acoustics
BERT_stat_Var,-1.5185321825660263,0.12888029283012223,-3.4784961671060803,0.4414318019740276,0.9113677850130072,semantic,1.5185321825660263,BERT_stat_Var,0.0,semantics,BERT_stat_Var,0.0,semantics
xcomp_DepR,-1.529774857343975,0.1260724670932492,-3.4897388418840287,0.43018912719607916,0.34532893160324785,morphsyn,1.529774857343975,xcomp_DepR,0.0,morphsyn,xcomp_DepR,0.0,morphsyn
BERT_cuml_ApEn,-1.5591713933232072,0.11895581962468409,-3.5191353778632615,0.400792591216847,0.9058943186802865,semantic,1.5591713933232072,BERT_cuml_ApEn,0.0,semantics,BERT_cuml_ApEn,0.0,semantics
F2bandwidth_sma3nz_stddevNorm,-1.5591812241890233,0.11895349346134294,-3.519145208729077,0.4007827603510306,0.412483166750528,acoustic,1.5591812241890233,F2bandwidth_sma3nz_stddevNorm,0.0015805498686722042,acoustics,F2bandwidth_sma3nz_stddevNorm,0.0015805498686722042,acoustics
loudness_sma3_meanFallingSlope,-1.5881641601647476,0.1122492230962507,-3.5481281447048016,0.3717998243753063,0.39960723422265243,acoustic,1.5881641601647476,loudness_sma3_meanFallingSlope,0.0,acoustics,loudness_sma3_meanFallingSlope,0.0,acoustics
case_DepR,-1.5953650512034803,0.11063062653302726,-3.5553290357435348,0.3645989333365737,0.3168058850718508,morphsyn,1.5953650512034803,case_DepR,0.004742574188879261,morphsyn,case_DepR,0.004742574188879261,morphsyn
DepthApEn,-1.667606801458428,0.09539380719699897,-3.6275707859984823,0.29235718308162617,0.2861814215909969,morphsyn,1.667606801458428,DepthApEn,0.0007757815056280865,morphsyn,DepthApEn,0.0007757815056280865,morphsyn
FT_stat_Skew,1.6801577864701067,0.09292662014439568,-0.27980619806994717,3.6401217710101603,0.7666446161912643,semantic,1.6801577864701067,FT_stat_Skew,0.0073327453338159305,semantics,FT_stat_Skew,0.0073327453338159305,semantics
spectralFluxV_sma3nz_stddevNorm,-1.6903928184661037,0.09095282807279141,-3.650356803006158,0.2695711660739506,0.3420338745835959,acoustic,1.6903928184661037,spectralFluxV_sma3nz_stddevNorm,0.008352206686626968,acoustics,spectralFluxV_sma3nz_stddevNorm,0.008352206686626968,acoustics
F0semitoneFrom27_5Hz_sma3nz_stddevNorm,-1.7011541579465028,0.08891404342356962,-3.661118142486557,0.25880982659355134,0.33914356562990133,acoustic,1.7011541579465028,F0semitoneFrom27_5Hz_sma3nz_stddevNorm,0.007343606500585531,acoustics,F0semitoneFrom27_5Hz_sma3nz_stddevNorm,0.007343606500585531,acoustics
BERT_stat_SSC,-1.715012231315219,0.08634298444276858,-3.674976215855273,0.2449517532248352,0.7666446161912643,semantic,1.715012231315219,BERT_stat_SSC,0.006954878910117727,semantics,BERT_stat_SSC,0.006954878910117727,semantics
Fut_TenseR,1.787949666627648,0.07378412880069095,-0.17201431791240607,3.7479136511677025,0.2324200057221765,morphsyn,1.787949666627648,Fut_TenseR,0.0018625915607921406,morphsyn,Fut_TenseR,0.0018625915607921406,morphsyn
PitchRange,-1.7961114967678924,0.07247678635644778,-3.756075481307947,0.16385248777216183,0.28882540234584414,acoustic,1.7961114967678924,PitchRange,0.003723269377774605,acoustics,PitchRange,0.003723269377774605,acoustics
MascR,1.8041268717536536,0.07121142001722121,-0.15583711278640036,3.7640908562937074,0.2324200057221765,morphsyn,1.8041268717536536,MascR,0.006071864480746364,morphsyn,MascR,0.006071864480746364,morphsyn
F3amplitudeLogRelF0_sma3nz_stddevNorm,-1.8082535168708325,0.07056705279842326,-3.7682175014108865,0.15171046766922167,0.28808256279694033,acoustic,1.8082535168708325,F3amplitudeLogRelF0_sma3nz_stddevNorm,0.003428903306575616,acoustics,F3amplitudeLogRelF0_sma3nz_stddevNorm,0.003428903306575616,acoustics
F3frequency_sma3nz_stddevNorm,1.8363051303509177,0.06631254143528835,-0.12365885418913641,3.7962691148909724,0.2766476338003436,acoustic,1.8363051303509177,F3frequency_sma3nz_stddevNorm,0.004526681670383425,acoustics,F3frequency_sma3nz_stddevNorm,0.004526681670383425,acoustics
SCONJ_PosR,-1.8774105075564484,0.06046185245850048,-3.8373744920965023,0.08255347698360561,0.2116164836047517,morphsyn,1.8774105075564484,SCONJ_PosR,0.004768573825000345,morphsyn,SCONJ_PosR,0.004768573825000345,morphsyn
Sub_MoodR,-1.8774715351120765,0.06045349510552495,-3.83743551965213,0.08249244942797737,0.2116164836047517,morphsyn,1.8774715351120765,Sub_MoodR,0.006424954602095269,morphsyn,Sub_MoodR,0.006424954602095269,morphsyn
ppl,1.8982074332789938,0.05766876201445724,-0.06175655126106021,3.8581714178190483,0.5709207439431266,semantic,1.8982074332789938,ppl,0.01366369240690709,semantics,ppl,0.01366369240690709,semantics
nsubj_DepR,-1.9052150222599098,0.05675212625455296,-3.865179006799964,0.05474896228014424,0.2116164836047517,morphsyn,1.9052150222599098,nsubj_DepR,0.0006041268123799386,morphsyn,nsubj_DepR,0.0006041268123799386,morphsyn
ADD,-1.943082574637991,0.052006182073792484,-3.903046559178045,0.01688140990206318,0.2116164836047517,morphsyn,1.943082574637991,ADD,0.0032600093207006543,morphsyn,ADD,0.0032600093207006543,morphsyn
MDD,-1.9552606160009331,0.050552317211801694,-3.9152246005409874,0.004703368539121029,0.2116164836047517,morphsyn,1.9552606160009331,MDD,0.0038434452435397335,morphsyn,MDD,0.0038434452435397335,morphsyn
BERT_Skew,1.9627651228495737,0.049673472139932486,0.002801138309519833,3.922729107389628,0.5464081935392573,semantic,1.9627651228495737,BERT_Skew,0.0016538207544697684,semantics,BERT_Skew,0.0016538207544697684,semantics
NP_Num,-1.9672618232182497,0.04915303389320318,-3.9272258077583038,-0.007297838678195535,0.2116164836047517,morphsyn,1.9672618232182497,NP_Num,0.002731918408857663,morphsyn,NP_Num,0.002731918408857663,morphsyn
F2bandwidth_sma3nz_amean,1.980541164448125,0.04764275261478347,0.02057717990807096,3.9405051489881795,0.23128390814813066,acoustic,1.980541164448125,F2bandwidth_sma3nz_amean,0.0022739648317564383,acoustics,F2bandwidth_sma3nz_amean,0.0022739648317564383,acoustics
F2amplitudeLogRelF0_sma3nz_stddevNorm,-2.0321793892443982,0.042135498652092866,-3.9921433737844523,-0.07221540470434427,0.20833663222423696,acoustic,2.0321793892443982,F2amplitudeLogRelF0_sma3nz_stddevNorm,0.0008041242260888761,acoustics,F2amplitudeLogRelF0_sma3nz_stddevNorm,0.0008041242260888761,acoustics
FT_cuml_Kurt,-2.059524785970899,0.03944399311810909,-4.019488770510953,-0.09956080143084503,0.48811941483659993,semantic,2.059524785970899,FT_cuml_Kurt,0.0,semantics,FT_cuml_Kurt,0.0,semantics
mark_DepR,-2.060497350708877,0.03935101886409733,-4.020461335248931,-0.10053336616882279,0.20659284903651098,morphsyn,2.060497350708877,mark_DepR,0.0012666716187478995,morphsyn,mark_DepR,0.0012666716187478995,morphsyn
logRelF0_H1_A3_sma3nz_stddevNorm,-2.0727989434204184,0.038190994819423424,-4.032762927960473,-0.11283495888036468,0.19870841816104012,acoustic,2.0727989434204184,logRelF0_H1_A3_sma3nz_stddevNorm,0.001070376894068304,acoustics,logRelF0_H1_A3_sma3nz_stddevNorm,0.001070376894068304,acoustics
TokenNum,-2.098612891597206,0.03585103900800386,-4.05857687613726,-0.13864890705715213,0.20532867795493123,morphsyn,2.098612891597206,TokenNum,0.0016540477378750665,morphsyn,TokenNum,0.0016540477378750665,morphsyn
equivalentSoundLevel_dBp,-2.117230752318359,0.034240268651334574,-4.077194736858413,-0.15726676777830512,0.1865745251001292,acoustic,2.117230752318359,equivalentSoundLevel_dBp,0.0018611102975216386,acoustics,equivalentSoundLevel_dBp,0.0018611102975216386,acoustics
PitchStdevST,-2.139807273048859,0.032370345205912844,-4.099771257588913,-0.17984328850880496,0.1800600452078902,acoustic,2.139807273048859,PitchStdevST,0.006127137908691007,acoustics,PitchStdevST,0.006127137908691007,acoustics
F1bandwidth_sma3nz_amean,2.141115135345518,0.03226475442473887,0.18115115080546396,4.101079119885572,0.1800600452078902,acoustic,2.141115135345518,F1bandwidth_sma3nz_amean,0.0005628780683304705,acoustics,F1bandwidth_sma3nz_amean,0.0005628780683304705,acoustics
BERT_Amp,-2.1777672107637733,0.029423372204289183,-4.137731195303827,-0.21780322622371928,0.4161305497463756,semantic,2.1777672107637733,BERT_Amp,0.0,semantics,BERT_Amp,0.0,semantics
slopeUV500_1500_sma3nz_amean,2.1835469951854645,0.028995552079674993,0.22358301064541028,4.1435109797255185,0.1707834864901133,acoustic,2.1835469951854645,slopeUV500_1500_sma3nz_amean,0.004248876764309543,acoustics,slopeUV500_1500_sma3nz_amean,0.004248876764309543,acoustics
WordNum,-2.200674393907962,0.027759082809482572,-4.160638378448016,-0.2407104093679079,0.17488222169974021,morphsyn,2.200674393907962,WordNum,0.006373671548935733,morphsyn,WordNum,0.006373671548935733,morphsyn
mfcc3_sma3_stddevNorm,2.2060523753750463,0.027380332724502524,0.24608839083499215,4.1660163599151,0.16844716159390563,acoustic,2.2060523753750463,mfcc3_sma3_stddevNorm,0.005774931973581652,acoustics,mfcc3_sma3_stddevNorm,0.005774931973581652,acoustics
PitchTopST,-2.21563373731566,0.026716596356475386,-4.1755977218557145,-0.25566975277560605,0.16844716159390563,acoustic,2.21563373731566,PitchTopST,0.0,acoustics,PitchTopST,0.0,acoustics
F0semitoneFrom27_5Hz_sma3nz_meanRisingSlope,-2.264431408741063,0.023547594005316492,-4.224395393281117,-0.30446742420100864,0.15334652681510985,acoustic,2.264431408741063,F0semitoneFrom27_5Hz_sma3nz_meanRisingSlope,0.01936430269709162,acoustics,F0semitoneFrom27_5Hz_sma3nz_meanRisingSlope,0.01936430269709162,acoustics
TrajIntra,-2.297371714060345,0.02159757395335767,-4.257335698600399,-0.33740772952029124,0.14416380613866245,acoustic,2.297371714060345,TrajIntra,0.0008835852623863044,acoustics,TrajIntra,0.0008835852623863044,acoustics
Rises,-2.3124342194888574,0.020753766424609108,-4.272398204028912,-0.35247023494880314,0.1420834778300162,acoustic,2.3124342194888574,Rises,0.006024645131552027,acoustics,Rises,0.006024645131552027,acoustics
BERT_cuml_SSC,-2.316188074956617,0.02054800201381211,-4.27615205949667,-0.3562240904165626,0.33904203322789983,semantic,2.316188074956617,BERT_cuml_SSC,0.005933463141339406,semantics,BERT_cuml_SSC,0.005933463141339406,semantics
spectralFluxUV_sma3nz_amean,-2.3286589535183153,0.01987714023776915,-4.288622938058369,-0.36869496897826104,0.1420834778300162,acoustic,2.3286589535183153,spectralFluxUV_sma3nz_amean,0.008382796245883662,acoustics,spectralFluxUV_sma3nz_amean,0.008382796245883662,acoustics
NodeNum,-2.3602684882701195,0.018261712836987028,-4.320232472810173,-0.40030450373006554,0.1278319898589092,morphsyn,2.3602684882701195,NodeNum,0.00789992343533454,morphsyn,NodeNum,0.00789992343533454,morphsyn
loudness_sma3_meanRisingSlope,-2.3687316573113075,0.017849198473947305,-4.328695641851361,-0.4087676727712534,0.13544103687432046,acoustic,2.3687316573113075,loudness_sma3_meanRisingSlope,0.0,acoustics,loudness_sma3_meanRisingSlope,0.0,acoustics
jitterLocal_sma3nz_amean,-2.3690685875002098,0.017832946074949674,-4.329032572040264,-0.40910460296015566,0.13544103687432046,acoustic,2.3690685875002098,jitterLocal_sma3nz_amean,0.0,acoustics,jitterLocal_sma3nz_amean,0.0,acoustics
BERT_cuml_Amp,-2.3729241015241307,0.0176478899247409,-4.332888086064185,-0.4129601169840768,0.33904203322789983,semantic,2.3729241015241307,BERT_cuml_Amp,0.0027936481371906912,semantics,BERT_cuml_Amp,0.0027936481371906912,semantics
F0semitoneFrom27_5Hz_sma3nz_stddevFallingSlope,-2.3778266894400715,0.01741500891096192,-4.337790673980126,-0.4178627049000174,0.13544103687432046,acoustic,2.3778266894400715,F0semitoneFrom27_5Hz_sma3nz_stddevFallingSlope,0.0007659900240111534,acoustics,F0semitoneFrom27_5Hz_sma3nz_stddevFallingSlope,0.0007659900240111534,acoustics
obl_DepR,-2.378235188444621,0.017395726707234004,-4.338199172984675,-0.41827120390456674,0.1278319898589092,morphsyn,2.378235188444621,obl_DepR,0.0,morphsyn,obl_DepR,0.0,morphsyn
StddevUnvoicedSegmentLength,2.4278224263217436,0.015189778418397753,0.46785844178168934,4.387786410861798,0.13518902792374002,acoustic,2.4278224263217436,StddevUnvoicedSegmentLength,0.004609084212895678,acoustics,StddevUnvoicedSegmentLength,0.004609084212895678,acoustics
ADP_PosR,-2.431897749352641,0.015019946826218239,-4.391861733892695,-0.47193376481258686,0.1278319898589092,morphsyn,2.431897749352641,ADP_PosR,0.011359692880172632,morphsyn,ADP_PosR,0.011359692880172632,morphsyn
TrajPhonZ,-2.437548301233543,0.014787238559321056,-4.397512285773597,-0.47758431669348894,0.13518902792374002,acoustic,2.437548301233543,TrajPhonZ,0.0007058250945995908,acoustics,TrajPhonZ,0.0007058250945995908,acoustics
Negation,2.4424227579724076,0.014589051208791627,0.48245877343235355,4.402386742512462,0.1278319898589092,morphsyn,2.4424227579724076,Negation,0.0019555624419792016,morphsyn,Negation,0.0019555624419792016,morphsyn
BERT_cuml_Valley,2.4853017431990754,0.012944166514378751,0.5253377586590211,4.4452657277391285,0.32036812123087405,semantic,2.4853017431990754,BERT_cuml_Valley,0.004081373187526619,semantics,BERT_cuml_Valley,0.004081373187526619,semantics
obj_DepR,2.5087047049140057,0.012117473501726301,0.5487407203739513,4.468668689454059,0.1278319898589092,morphsyn,2.5087047049140057,obj_DepR,0.007674769106969586,morphsyn,obj_DepR,0.007674769106969586,morphsyn
Gliss,-2.5329425266970405,0.01131094968093633,-4.492906511237094,-0.5729785421569863,0.12583431520041669,acoustic,2.5329425266970405,Gliss,0.00672502249563975,acoustics,Gliss,0.00672502249563975,acoustics
loudnessPeaksPerSec,-2.573901314433031,0.010055895097186825,-4.533865298973085,-0.6139373298929769,0.11673582569342966,acoustic,2.573901314433031,loudnessPeaksPerSec,0.0,acoustics,loudnessPeaksPerSec,0.0,acoustics
WordTTR,2.5744023227492367,0.010041343473022804,0.6144383382091825,4.53436630728929,0.1278319898589092,morphsyn,2.5744023227492367,WordTTR,0.003643698061829824,morphsyn,WordTTR,0.003643698061829824,morphsyn
BERT_stat_Amp,-2.71706057761078,0.006586455133641602,-4.677024562150835,-0.7570965930707261,0.21735301941017285,semantic,2.71706057761078,BERT_stat_Amp,0.016281885307443535,semantics,BERT_stat_Amp,0.016281885307443535,semantics
BERT_Valley,2.7465657869566074,0.006022280670561483,0.7866018024165533,4.706529771496661,0.21735301941017285,semantic,2.7465657869566074,BERT_Valley,0.0031195672914930816,semantics,BERT_Valley,0.0031195672914930816,semantics
DepthMean,-2.748607336732167,0.005984903566741575,-4.708571321272221,-0.7886433521921129,0.1256829749015731,morphsyn,2.748607336732167,DepthMean,0.0,morphsyn,DepthMean,0.0,morphsyn
NuclDurStdev,2.8099364317176208,0.004955128592583613,0.8499724471775666,4.769900416257675,0.07350107412332359,acoustic,2.8099364317176208,NuclDurStdev,0.0010882936072409278,acoustics,NuclDurStdev,0.0010882936072409278,acoustics
loudness_sma3_stddevFallingSlope,-2.8240390484569833,0.004742260689864995,-4.784003032997037,-0.8640750639169291,0.07350107412332359,acoustic,2.8240390484569833,loudness_sma3_stddevFallingSlope,0.0009127041739661466,acoustics,loudness_sma3_stddevFallingSlope,0.0009127041739661466,acoustics
F0semitoneFrom27_5Hz_sma3nz_meanFallingSlope,-2.8386244231247324,0.0045308451224692755,-4.798588407664787,-0.8786604385846782,0.07350107412332359,acoustic,2.8386244231247324,F0semitoneFrom27_5Hz_sma3nz_meanFallingSlope,0.007610449633704838,acoustics,F0semitoneFrom27_5Hz_sma3nz_meanFallingSlope,0.007610449633704838,acoustics
BERT_stat_Valley,2.8715584756744477,0.004084532053264344,0.9115944911343935,4.831522460214502,0.21735301941017285,semantic,2.8715584756744477,BERT_stat_Valley,0.0,semantics,BERT_stat_Valley,0.0,semantics
Depth,-2.871575234185847,0.004084315481471804,-4.831539218725901,-0.9116112496457929,0.1256829749015731,morphsyn,2.871575234185847,Depth,0.0007488949317032185,morphsyn,Depth,0.0007488949317032185,morphsyn
MeanVoicedSegmentLengthSec,2.914952657145476,0.003557425030441907,0.9549886726054216,4.87491664168553,0.07270467054810534,acoustic,2.914952657145476,MeanVoicedSegmentLengthSec,0.008585837604835198,acoustics,MeanVoicedSegmentLengthSec,0.008585837604835198,acoustics
PUNCT_PosR,2.9212039680377053,0.003486814673794938,0.9612399834976513,4.881167952577759,0.1256829749015731,morphsyn,2.9212039680377053,PUNCT_PosR,0.0005742812745169255,morphsyn,PUNCT_PosR,0.0005742812745169255,morphsyn
PropLevel,-2.9304121614957994,0.0033851268162094156,-4.8903761460358535,-0.9704481769557454,0.07270467054810534,acoustic,2.9304121614957994,PropLevel,0.020224679244716496,acoustics,PropLevel,0.020224679244716496,acoustics
nPVI_nucldur,3.1175700227784913,0.0018234862358604883,1.1576060382384374,5.077534007318546,0.04868708249747503,acoustic,3.1175700227784913,nPVI_nucldur,0.004092620410289385,acoustics,nPVI_nucldur,0.004092620410289385,acoustics
shimmerLocaldB_sma3nz_amean,-3.1460941950858237,0.0016546670544622998,-5.106058179625877,-1.1861302105457694,0.04868708249747503,acoustic,3.1460941950858237,shimmerLocaldB_sma3nz_amean,0.0030206953870217466,acoustics,shimmerLocaldB_sma3nz_amean,0.0030206953870217466,acoustics
loudness_sma3_stddevRisingSlope,-3.439505129739275,0.0005827787401563927,-5.399469114279329,-1.479541145199221,0.019450240452719605,acoustic,3.439505129739275,loudness_sma3_stddevRisingSlope,0.005327158276566916,acoustics,loudness_sma3_stddevRisingSlope,0.005327158276566916,acoustics
TrajInter,-3.7852285422234684,0.0001535673837722976,-5.745192526763522,-1.8252645576834141,0.005857498781029065,acoustic,3.7852285422234684,TrajInter,0.005943464657931104,acoustics,TrajInter,0.005943464657931104,acoustics
mfcc3V_sma3nz_amean,-3.82540947476231,0.0001305549027611278,-5.785373459302364,-1.865445490222256,0.005809693172870187,acoustic,3.82540947476231,mfcc3V_sma3nz_amean,0.0,acoustics,mfcc3V_sma3nz_amean,0.0,acoustics
TrajPhon,-3.885218168572657,0.00010223803480871122,-5.845182153112711,-1.9252541840326025,0.005459511058785179,acoustic,3.885218168572657,TrajPhon,0.0,acoustics,TrajPhon,0.0,acoustics
VoicedSegmentsPerSec,-3.9869447990201183,6.69295897427082e-05,-5.946908783560173,-2.0269808144800647,0.004467550115325772,acoustic,3.9869447990201183,VoicedSegmentsPerSec,0.0026878835220166663,acoustics,VoicedSegmentsPerSec,0.0026878835220166663,acoustics
NuclDurMean,4.664425898270443,3.094798255462393e-06,2.7044619137303894,6.624389882810498,0.000275437044736153,acoustic,4.664425898270443,NuclDurMean,0.0,acoustics,NuclDurMean,0.0,acoustics
NuclDurMedian,4.792261352424815,1.6491188001998287e-06,2.832297367884762,6.75222533696487,0.00022015735982667712,acoustic,4.792261352424815,NuclDurMedian,0.0034155928865650443,acoustics,NuclDurMedian,0.0034155928865650443,acoustics
SpeechRate,-5.946848092718824,2.7335487140774257e-09,-7.906812077258878,-3.9868841081787703,7.298575066586726e-07,acoustic,5.946848092718824,SpeechRate,0.003121830723279646,acoustics,SpeechRate,0.003121830723279646,acoustics
Sent_ApEn,,,,,,semantic,,Sent_ApEn,0.003496122959391555,semantics,Sent_ApEn,0.003496122959391555,semantics
