X,Y,method,alternative,n,r,CI95%,p-unc,p-corr,p-adjust,power,q
PANSS_ItemP1,SpeechRate,spearman,two-sided,48,-0.185810669465718,[-0.45  0.1 ],0.20607020892560313,0.34345034820933856,fdr_bh,0.24620264287952925,0.34345034820933856
PANSS_ItemP2,SpeechRate,spearman,two-sided,48,-0.14588989005644665,[-0.41  0.14],0.32245856322827804,0.4030732040353475,fdr_bh,0.16839916362843738,0.4030732040353475
PANSS_ItemP3,SpeechRate,spearman,two-sided,48,-0.15461513563176782,[-0.42  0.14],0.29404259755491563,0.4030732040353475,fdr_bh,0.18369178740994355,0.4030732040353475
PANSS_ItemN1,SpeechRate,spearman,two-sided,48,-0.3979046580033231,[-0.61 -0.13],0.0050980652311559144,0.02549032615577957,fdr_bh,0.8134911874761003,0.02549032615577957
PANSS_ItemN4,SpeechRate,spearman,two-sided,48,-0.20227822911927648,[-0.46  0.09],0.16796124393880138,0.33592248787760276,fdr_bh,0.28391270327927287,0.33592248787760276
PANSS_ItemN6,SpeechRate,spearman,two-sided,48,-0.5199620916811573,[-0.7  -0.28],0.00015203641293482097,0.0015203641293482096,fdr_bh,0.9738218355077025,0.0015203641293482096
PANSS_ItemG2,SpeechRate,spearman,two-sided,48,0.203490520444006,[-0.09  0.46],0.1653732612117719,0.33592248787760276,fdr_bh,0.28680915249946143,0.33592248787760276
PANSS_ItemG5,SpeechRate,spearman,two-sided,48,-0.2287894684156205,[-0.48  0.06],0.11778373145165383,0.33592248787760276,fdr_bh,0.3506792816760001,0.33592248787760276
PANSS_ItemG6,SpeechRate,spearman,two-sided,48,0.026081281822312223,[-0.26  0.31],0.860322885963674,0.9207574512712522,fdr_bh,0.05324919168760818,0.9207574512712522
PANSS_ItemG9,SpeechRate,spearman,two-sided,48,-0.01474659492906374,[-0.3   0.27],0.9207574512712522,0.9207574512712522,fdr_bh,0.05081412120448836,0.9207574512712522
PANSS_ItemP1,PropLevel,spearman,two-sided,48,-0.03177063559081277,[-0.31  0.25],0.8302621758320322,0.9580741384987668,fdr_bh,0.05498634838241581,0.9580741384987668
PANSS_ItemP2,PropLevel,spearman,two-sided,48,-0.10481448937650045,[-0.38  0.18],0.478330166447298,0.8008917104677892,fdr_bh,0.1094520200352524,0.8008917104677892
PANSS_ItemP3,PropLevel,spearman,two-sided,48,0.011374206429537799,[-0.27  0.29],0.9388399144542746,0.9580741384987668,fdr_bh,0.05035158692973821,0.9580741384987668
PANSS_ItemN1,PropLevel,spearman,two-sided,48,-0.12147233258182986,[-0.39  0.17],0.41081908082370766,0.8008917104677892,fdr_bh,0.13077906210123103,0.8008917104677892
PANSS_ItemN4,PropLevel,spearman,two-sided,48,-0.21644412124102372,[-0.47  0.07],0.13950950580159138,0.6975475290079569,fdr_bh,0.3187259408771884,0.6975475290079569
PANSS_ItemN6,PropLevel,spearman,two-sided,48,-0.2469885128443903,[-0.5   0.04],0.09056735871082587,0.6975475290079569,fdr_bh,0.40013289304427285,0.6975475290079569
PANSS_ItemG2,PropLevel,spearman,two-sided,48,0.09306285065498295,[-0.2   0.37],0.5292637379889347,0.8008917104677892,fdr_bh,0.09647629530969194,0.8008917104677892
PANSS_ItemG5,PropLevel,spearman,two-sided,48,-0.09248599473236499,[-0.37  0.2 ],0.5318307849329287,0.8008917104677892,fdr_bh,0.09588270677218354,0.8008917104677892
PANSS_ItemG6,PropLevel,spearman,two-sided,48,-0.007793212619929963,[-0.29  0.28],0.9580741384987668,0.9580741384987668,fdr_bh,0.04999140539342865,0.9580741384987668
PANSS_ItemG9,PropLevel,spearman,two-sided,48,0.0861056195561311,[-0.2   0.36],0.5606241973274524,0.8008917104677892,fdr_bh,0.08958456900528836,0.8008917104677892
PANSS_ItemP1,TrajInter,spearman,two-sided,48,-0.03546351577032371,[-0.32  0.25],0.8108752015836612,0.961147372604191,fdr_bh,0.05629962604203108,0.961147372604191
PANSS_ItemP2,TrajInter,spearman,two-sided,48,0.14232648756943575,[-0.15  0.41],0.3345454332928641,0.8363635832321603,fdr_bh,0.16243373910571646,0.8363635832321603
PANSS_ItemP3,TrajInter,spearman,two-sided,48,-0.035759232826697795,[-0.32  0.25],0.8093274160505171,0.961147372604191,fdr_bh,0.05641114086078952,0.961147372604191
PANSS_ItemN1,TrajInter,spearman,two-sided,48,-0.3826915476973316,[-0.6  -0.11],0.007263567867244312,0.03631783933622156,fdr_bh,0.7791584660278141,0.03631783933622156
PANSS_ItemN4,TrajInter,spearman,two-sided,48,-0.06948061055620577,[-0.35  0.22],0.638887617835379,0.961147372604191,fdr_bh,0.07543945755284884,0.961147372604191
PANSS_ItemN6,TrajInter,spearman,two-sided,48,-0.3894959108097744,[-0.61 -0.12],0.00621232176681692,0.03631783933622156,fdr_bh,0.7948826206878911,0.03631783933622156
PANSS_ItemG2,TrajInter,spearman,two-sided,48,0.24525073401080677,[-0.04  0.49],0.09293287296964343,0.3097762432321448,fdr_bh,0.3953046347617403,0.3097762432321448
PANSS_ItemG5,TrajInter,spearman,two-sided,48,0.02519346876913279,[-0.26  0.31],0.865032635343772,0.961147372604191,fdr_bh,0.05300927208382074,0.961147372604191
PANSS_ItemG6,TrajInter,spearman,two-sided,48,0.003307869889659111,[-0.28  0.29],0.9821978507189248,0.9821978507189248,fdr_bh,0.04973024102975335,0.9821978507189248
PANSS_ItemG9,TrajInter,spearman,two-sided,48,0.10199728159269086,[-0.19  0.38],0.49029923116289587,0.961147372604191,fdr_bh,0.10618700574185011,0.961147372604191
PANSS_ItemP1,TrajPhon,spearman,two-sided,48,-0.06509208379050274,[-0.34  0.22],0.6602627834969952,0.85857987572583,fdr_bh,0.07224121061403574,0.85857987572583
PANSS_ItemP2,TrajPhon,spearman,two-sided,48,0.13624774215041713,[-0.15  0.4 ],0.35580627887502525,0.7116125577500505,fdr_bh,0.15263285224989226,0.7116125577500505
PANSS_ItemP3,TrajPhon,spearman,two-sided,48,-0.030431209597505,[-0.31  0.26],0.8373193365822007,0.9087785126217126,fdr_bh,0.05454621566735867,0.9087785126217126
PANSS_ItemN1,TrajPhon,spearman,two-sided,48,-0.4166331483800217,[-0.63 -0.15],0.0032227126837352025,0.03222712683735202,fdr_bh,0.8514788301661675,0.03222712683735202
PANSS_ItemN4,TrajPhon,spearman,two-sided,48,-0.08797141820422827,[-0.36  0.2 ],0.5521291797948562,0.85857987572583,fdr_bh,0.09137577057816161,0.85857987572583
PANSS_ItemN6,TrajPhon,spearman,two-sided,48,-0.37943914270093865,[-0.6  -0.11],0.007818350095967269,0.03909175047983634,fdr_bh,0.7714402567401984,0.03909175047983634
PANSS_ItemG2,TrajPhon,spearman,two-sided,48,0.24295754309239867,[-0.04  0.49],0.0961274835682577,0.3204249452275257,fdr_bh,0.3889649606974692,0.3204249452275257
PANSS_ItemG5,TrajPhon,spearman,two-sided,48,0.05970647273335128,[-0.23  0.34],0.686863900580664,0.85857987572583,fdr_bh,0.06861631307043935,0.85857987572583
PANSS_ItemG6,TrajPhon,spearman,two-sided,48,-0.016984639625749667,[-0.3   0.27],0.9087785126217126,0.9087785126217126,fdr_bh,0.05118723754987643,0.9087785126217126
PANSS_ItemG9,TrajPhon,spearman,two-sided,48,0.15783464885013532,[-0.13  0.42],0.283980974595188,0.70995243648797,fdr_bh,0.18957982246886387,0.70995243648797
PANSS_ItemP1,TrajPhonZ,spearman,two-sided,48,-0.23702854416143232,[-0.49  0.05],0.10478108175602124,0.7743285136005109,fdr_bh,0.3727508419529341,0.7743285136005109
PANSS_ItemP2,TrajPhonZ,spearman,two-sided,48,-0.01928429581205904,[-0.3   0.27],0.8964906872175363,0.8964906872175363,fdr_bh,0.051625713905232525,0.8964906872175363
PANSS_ItemP3,TrajPhonZ,spearman,two-sided,48,-0.039038016352354904,[-0.32  0.25],0.7922158108993433,0.8964906872175363,fdr_bh,0.057710902983959284,0.8964906872175363
PANSS_ItemN1,TrajPhonZ,spearman,two-sided,48,-0.023213630466911304,[-0.31  0.26],0.8755519337843491,0.8964906872175363,fdr_bh,0.05250444243854657,0.8964906872175363
PANSS_ItemN4,TrajPhonZ,spearman,two-sided,48,0.06261659862625801,[-0.23  0.34],0.6724408485543867,0.8964906872175363,fdr_bh,0.07053417751200669,0.8964906872175363
PANSS_ItemN6,TrajPhonZ,spearman,two-sided,48,-0.030985717956953436,[-0.31  0.26],0.8343961770883925,0.8964906872175363,fdr_bh,0.05472609336500817,0.8964906872175363
PANSS_ItemG2,TrajPhonZ,spearman,two-sided,48,0.2085596793162766,[-0.08  0.47],0.1548657027201022,0.7743285136005109,fdr_bh,0.2990915775686941,0.7743285136005109
PANSS_ItemG5,TrajPhonZ,spearman,two-sided,48,0.1077379233541776,[-0.18  0.38],0.4660749721093931,0.8964906872175363,fdr_bh,0.1129439655209729,0.8964906872175363
PANSS_ItemG6,TrajPhonZ,spearman,two-sided,48,0.06488514014331333,[-0.22  0.34],0.6612775636193549,0.8964906872175363,fdr_bh,0.07209583517941225,0.8964906872175363
PANSS_ItemG9,TrajPhonZ,spearman,two-sided,48,-0.1068360080537899,[-0.38  0.18],0.46983775954272444,0.8964906872175363,fdr_bh,0.11185534772505402,0.8964906872175363
PANSS_ItemP1,NuclDurMean,spearman,two-sided,48,0.17103344348867114,[-0.12  0.43],0.24511041296216313,0.4963600289373266,fdr_bh,0.21508729792789077,0.4963600289373266
PANSS_ItemP2,NuclDurMean,spearman,two-sided,48,0.08824900951083534,[-0.2   0.36],0.5508705444359092,0.8428223550737226,fdr_bh,0.091645823574077,0.8428223550737226
PANSS_ItemP3,NuclDurMean,spearman,two-sided,48,0.05830245182902318,[-0.23  0.34],0.6938624637388324,0.8428223550737226,fdr_bh,0.06772520836972612,0.8428223550737226
PANSS_ItemN1,NuclDurMean,spearman,two-sided,48,0.3948242630307242,[0.12 0.61],0.00548411687963906,0.0274205843981953,fdr_bh,0.8067823782962548,0.0274205843981953
PANSS_ItemN4,NuclDurMean,spearman,two-sided,48,0.23128145419678367,[-0.06  0.48],0.1137281298215373,0.379093766071791,fdr_bh,0.35729556715743854,0.379093766071791
PANSS_ItemN6,NuclDurMean,spearman,two-sided,48,0.4461792669328108,[0.19 0.65],0.0014801473647324671,0.01480147364732467,fdr_bh,0.9012088326612009,0.01480147364732467
PANSS_ItemG2,NuclDurMean,spearman,two-sided,48,-0.16994212851951254,[-0.43  0.12],0.2481800144686633,0.4963600289373266,fdr_bh,0.2128955048393211,0.4963600289373266
PANSS_ItemG5,NuclDurMean,spearman,two-sided,48,0.0752752117685676,[-0.21  0.35],0.6111046778201802,0.8428223550737226,fdr_bh,0.08000248011704256,0.8428223550737226
PANSS_ItemG6,NuclDurMean,spearman,two-sided,48,0.01949787763486528,[-0.27  0.3 ],0.8953506216630138,0.8953506216630138,fdr_bh,0.051669275006003414,0.8953506216630138
PANSS_ItemG9,NuclDurMean,spearman,two-sided,48,-0.04554670896668535,[-0.33  0.24],0.7585401195663504,0.8428223550737226,fdr_bh,0.06063717774637674,0.8428223550737226
PANSS_ItemP1,NuclDurStdev,spearman,two-sided,48,0.14776186387699636,[-0.14  0.41],0.31622075652582077,0.9851103464138469,fdr_bh,0.17159814593708905,0.9851103464138469
PANSS_ItemP2,NuclDurStdev,spearman,two-sided,48,-0.05303469212686013,[-0.33  0.23],0.7203419982731568,0.9851103464138469,fdr_bh,0.0645789374630431,0.9851103464138469
PANSS_ItemP3,NuclDurStdev,spearman,two-sided,48,-0.0027666237679697787,[-0.29  0.28],0.9851103464138469,0.9851103464138469,fdr_bh,0.049712999831027865,0.9851103464138469
PANSS_ItemN1,NuclDurStdev,spearman,two-sided,48,0.08152487668794253,[-0.21  0.36],0.5817360289636531,0.9851103464138469,fdr_bh,0.08536283733098789,0.9851103464138469
PANSS_ItemN4,NuclDurStdev,spearman,two-sided,48,0.16544567584297185,[-0.12  0.43],0.2611010824546045,0.9851103464138469,fdr_bh,0.20402146763504322,0.9851103464138469
PANSS_ItemN6,NuclDurStdev,spearman,two-sided,48,0.17083842843262384,[-0.12  0.43],0.2456570436151207,0.9851103464138469,fdr_bh,0.21469454503857333,0.9851103464138469
PANSS_ItemG2,NuclDurStdev,spearman,two-sided,48,-0.035787790260735676,[-0.32  0.25],0.8091779842840837,0.9851103464138469,fdr_bh,0.05642195982021921,0.9851103464138469
PANSS_ItemG5,NuclDurStdev,spearman,two-sided,48,-0.03420762327878877,[-0.32  0.25],0.8174564544208458,0.9851103464138469,fdr_bh,0.05583653381447285,0.9851103464138469
PANSS_ItemG6,NuclDurStdev,spearman,two-sided,48,0.011959871072665917,[-0.27  0.3 ],0.9356971852629123,0.9851103464138469,fdr_bh,0.05042332232464156,0.9851103464138469
PANSS_ItemG9,NuclDurStdev,spearman,two-sided,48,-0.10207962750398475,[-0.38  0.19],0.4899471849836796,0.9851103464138469,fdr_bh,0.10628105221590622,0.9851103464138469
PANSS_ItemP1,nPVI_nucldur,spearman,two-sided,48,0.2462996278088844,[-0.04  0.5 ],0.091499422026473,0.4704008561883247,fdr_bh,0.3982164566070634,0.4704008561883247
PANSS_ItemP2,nPVI_nucldur,spearman,two-sided,48,0.09013312173027596,[-0.2   0.36],0.5423639937257934,0.9352295033932255,fdr_bh,0.09350320887487099,0.9352295033932255
PANSS_ItemP3,nPVI_nucldur,spearman,two-sided,48,0.05881317949147431,[-0.23  0.34],0.6913137016855435,0.9352295033932255,fdr_bh,0.06804678889975524,0.9352295033932255
PANSS_ItemN1,nPVI_nucldur,spearman,two-sided,48,0.03842674077290279,[-0.25  0.32],0.7953989181360215,0.9352295033932255,fdr_bh,0.057459758488136795,0.9352295033932255
PANSS_ItemN4,nPVI_nucldur,spearman,two-sided,48,0.012047041346438903,[-0.27  0.3 ],0.9352295033932255,0.9352295033932255,fdr_bh,0.05043430796226078,0.9352295033932255
PANSS_ItemN6,nPVI_nucldur,spearman,two-sided,48,0.24442023572623137,[-0.04  0.49],0.09408017123766495,0.4704008561883247,fdr_bh,0.3930044344073089,0.4704008561883247
PANSS_ItemG2,nPVI_nucldur,spearman,two-sided,48,-0.051657142793614816,[-0.33  0.24],0.727321888205827,0.9352295033932255,fdr_bh,0.06380722351025706,0.9352295033932255
PANSS_ItemG5,nPVI_nucldur,spearman,two-sided,48,-0.019663195136884127,[-0.3   0.27],0.894468326668665,0.9352295033932255,fdr_bh,0.051703323708890275,0.9352295033932255
PANSS_ItemG6,nPVI_nucldur,spearman,two-sided,48,0.17111865390736555,[-0.12  0.43],0.2448718259014595,0.8162394196715317,fdr_bh,0.2152590565969373,0.8162394196715317
PANSS_ItemG9,nPVI_nucldur,spearman,two-sided,48,0.08018460992678408,[-0.21  0.36],0.5879802993610174,0.9352295033932255,fdr_bh,0.08417461504680665,0.9352295033932255
PANSS_ItemP1,NuclDurMedian,spearman,two-sided,48,0.2148187084036306,[-0.07  0.47],0.14257860693551475,0.23763101155919125,fdr_bh,0.3146268829114312,0.23763101155919125
PANSS_ItemP2,NuclDurMedian,spearman,two-sided,48,0.25182368807404165,[-0.03  0.5 ],0.08423162546342397,0.2138892232612328,fdr_bh,0.41367038532989076,0.2138892232612328
PANSS_ItemP3,NuclDurMedian,spearman,two-sided,48,0.11617458617086195,[-0.17  0.39],0.4316726209461256,0.5395907761826569,fdr_bh,0.12361871467282265,0.5395907761826569
PANSS_ItemN1,NuclDurMedian,spearman,two-sided,48,0.5324248626805375,[0.29 0.71],9.811248893453408e-05,0.0009811248893453407,fdr_bh,0.9801424937011954,0.0009811248893453407
PANSS_ItemN4,NuclDurMedian,spearman,two-sided,48,0.2507903078223594,[-0.04  0.5 ],0.08555568930449313,0.2138892232612328,fdr_bh,0.4107648026966556,0.2138892232612328
PANSS_ItemN6,NuclDurMedian,spearman,two-sided,48,0.49756317923168675,[0.25 0.68],0.0003205291656914671,0.0016026458284573355,fdr_bh,0.9587035003216141,0.0016026458284573355
PANSS_ItemG2,NuclDurMedian,spearman,two-sided,48,-0.23238609504933028,[-0.48  0.06],0.11196476433545899,0.22392952867091798,fdr_bh,0.360245237731898,0.22392952867091798
PANSS_ItemG5,NuclDurMedian,spearman,two-sided,48,0.15798463379393293,[-0.13  0.42],0.28351780444180796,0.40502543491686854,fdr_bh,0.18985733507144645,0.40502543491686854
PANSS_ItemG6,NuclDurMedian,spearman,two-sided,48,0.020816671373564848,[-0.26  0.3 ],0.8883158264693988,0.9322349349371031,fdr_bh,0.051948943836233254,0.9322349349371031
PANSS_ItemG9,NuclDurMedian,spearman,two-sided,48,0.012605289620375,[-0.27  0.3 ],0.9322349349371031,0.9322349349371031,fdr_bh,0.050506557118760745,0.9322349349371031
PANSS_ItemP1,F0semitoneFrom27_5Hz_sma3nz_meanFallingSlope,spearman,two-sided,48,0.00985457842246655,[-0.28  0.29],0.9469985551412345,0.9469985551412345,fdr_bh,0.05018227856667107,0.9469985551412345
PANSS_ItemP2,F0semitoneFrom27_5Hz_sma3nz_meanFallingSlope,spearman,two-sided,48,0.04904918717415016,[-0.24  0.33],0.7405957909983893,0.9469985551412345,fdr_bh,0.062403842888837165,0.9469985551412345
PANSS_ItemP3,F0semitoneFrom27_5Hz_sma3nz_meanFallingSlope,spearman,two-sided,48,0.023566256590660434,[-0.26  0.31],0.87367674641742,0.9469985551412345,fdr_bh,0.052591308034529535,0.9469985551412345
PANSS_ItemN1,F0semitoneFrom27_5Hz_sma3nz_meanFallingSlope,spearman,two-sided,48,-0.39487415794236863,[-0.61 -0.12],0.005477666070765251,0.05477666070765251,fdr_bh,0.8068920500945472,0.05477666070765251
PANSS_ItemN4,F0semitoneFrom27_5Hz_sma3nz_meanFallingSlope,spearman,two-sided,48,-0.07368306683984724,[-0.35  0.21],0.6186868268108545,0.9469985551412345,fdr_bh,0.07870992773826699,0.9469985551412345
PANSS_ItemN6,F0semitoneFrom27_5Hz_sma3nz_meanFallingSlope,spearman,two-sided,48,-0.3498124474613954,[-0.58 -0.07],0.014799955308899477,0.07399977654449738,fdr_bh,0.6957599277278729,0.07399977654449738
PANSS_ItemG2,F0semitoneFrom27_5Hz_sma3nz_meanFallingSlope,spearman,two-sided,48,0.11200427222540782,[-0.18  0.38],0.44849703622221515,0.9469985551412345,fdr_bh,0.11823078119950603,0.9469985551412345
PANSS_ItemG5,F0semitoneFrom27_5Hz_sma3nz_meanFallingSlope,spearman,two-sided,48,-0.05991129768269382,[-0.34  0.23],0.6858450674268362,0.9469985551412345,fdr_bh,0.06874816799467826,0.9469985551412345
PANSS_ItemG6,F0semitoneFrom27_5Hz_sma3nz_meanFallingSlope,spearman,two-sided,48,0.03670463319871744,[-0.25  0.32],0.8043840467909714,0.9469985551412345,fdr_bh,0.056773984126629956,0.9469985551412345
PANSS_ItemG9,F0semitoneFrom27_5Hz_sma3nz_meanFallingSlope,spearman,two-sided,48,0.25184419152291665,[-0.03  0.5 ],0.08420551769590641,0.2806850589863547,fdr_bh,0.41372810103863966,0.2806850589863547
PANSS_ItemP1,loudness_sma3_stddevRisingSlope,spearman,two-sided,48,-0.0037602996612043416,[-0.29  0.28],0.9797634585311006,0.9887186562838178,fdr_bh,0.04974701097949588,0.9887186562838178
PANSS_ItemP2,loudness_sma3_stddevRisingSlope,spearman,two-sided,48,0.0020961191100064176,[-0.28  0.29],0.9887186562838178,0.9887186562838178,fdr_bh,0.04969590225573152,0.9887186562838178
PANSS_ItemP3,loudness_sma3_stddevRisingSlope,spearman,two-sided,48,-0.06998153587574382,[-0.35  0.22],0.6364656941052438,0.8501250307692523,fdr_bh,0.07581858055622023,0.8501250307692523
PANSS_ItemN1,loudness_sma3_stddevRisingSlope,spearman,two-sided,48,-0.39996539804477216,[-0.61 -0.13],0.004853256314599856,0.048532563145998554,fdr_bh,0.8179082538431792,0.048532563145998554
PANSS_ItemN4,loudness_sma3_stddevRisingSlope,spearman,two-sided,48,-0.0909131376027773,[-0.37  0.2 ],0.5388609475171215,0.8501250307692523,fdr_bh,0.09428465387609872,0.8501250307692523
PANSS_ItemN6,loudness_sma3_stddevRisingSlope,spearman,two-sided,48,-0.3644219416735555,[-0.59 -0.09],0.010881855057427585,0.05440927528713792,fdr_bh,0.7342161250231423,0.05440927528713792
PANSS_ItemG2,loudness_sma3_stddevRisingSlope,spearman,two-sided,48,0.150143658026301,[-0.14  0.42],0.30839563017581245,0.6167912603516249,fdr_bh,0.17573316363238775,0.6167912603516249
PANSS_ItemG5,loudness_sma3_stddevRisingSlope,spearman,two-sided,48,-0.16887817073292669,[-0.43  0.12],0.25119760299224514,0.6167912603516249,fdr_bh,0.21077291562160655,0.6167912603516249
PANSS_ItemG6,loudness_sma3_stddevRisingSlope,spearman,two-sided,48,-0.06106836719370667,[-0.34  0.23],0.6801000246154019,0.8501250307692523,fdr_bh,0.0695019199308073,0.8501250307692523
PANSS_ItemG9,loudness_sma3_stddevRisingSlope,spearman,two-sided,48,0.17872565833297563,[-0.11  0.44],0.22420487448014273,0.6167912603516249,fdr_bh,0.23095311225266937,0.6167912603516249
PANSS_ItemP1,shimmerLocaldB_sma3nz_amean,spearman,two-sided,48,-0.20169469389666736,[-0.46  0.09],0.16921739694780777,0.29932320777218774,fdr_bh,0.2825242118576434,0.29932320777218774
PANSS_ItemP2,shimmerLocaldB_sma3nz_amean,spearman,two-sided,48,-0.3158851498779671,[-0.55 -0.03],0.02873024643759192,0.28730246437591916,fdr_bh,0.6001978489401818,0.28730246437591916
PANSS_ItemP3,shimmerLocaldB_sma3nz_amean,spearman,two-sided,48,-0.19928856116884588,[-0.46  0.09],0.17446897019756202,0.29932320777218774,fdr_bh,0.27683848780594766,0.29932320777218774
PANSS_ItemN1,shimmerLocaldB_sma3nz_amean,spearman,two-sided,48,-0.14607010293800587,[-0.41  0.14],0.3218547029564495,0.40231837869556186,fdr_bh,0.16870517479186647,0.40231837869556186
PANSS_ItemN4,shimmerLocaldB_sma3nz_amean,spearman,two-sided,48,-0.22160952802402728,[-0.48  0.07],0.13008248092920147,0.29932320777218774,fdr_bh,0.3319229645422748,0.29932320777218774
PANSS_ItemN6,shimmerLocaldB_sma3nz_amean,spearman,two-sided,48,-0.19699034288861408,[-0.46  0.09],0.17959392466331264,0.29932320777218774,fdr_bh,0.2714678123992524,0.29932320777218774
PANSS_ItemG2,shimmerLocaldB_sma3nz_amean,spearman,two-sided,48,-0.018586915864992247,[-0.3   0.27],0.9002146171386938,0.9002146171386938,fdr_bh,0.05148683929253848,0.9002146171386938
PANSS_ItemG5,shimmerLocaldB_sma3nz_amean,spearman,two-sided,48,-0.07250803206726021,[-0.35  0.22],0.6243079444529867,0.6936754938366518,fdr_bh,0.07777489505172556,0.6936754938366518
PANSS_ItemG6,shimmerLocaldB_sma3nz_amean,spearman,two-sided,48,-0.15025362844951576,[-0.42  0.14],0.3080373516921633,0.40231837869556186,fdr_bh,0.17592583431039213,0.40231837869556186
PANSS_ItemG9,shimmerLocaldB_sma3nz_amean,spearman,two-sided,48,-0.22749694885357705,[-0.48  0.06],0.11993000029686741,0.29932320777218774,fdr_bh,0.34726872923749597,0.29932320777218774
PANSS_ItemP1,mfcc3V_sma3nz_amean,spearman,two-sided,48,-0.1560524359399802,[-0.42  0.13],0.2895225439734283,0.5998186103033497,fdr_bh,0.18630411829155874,0.5998186103033497
PANSS_ItemP2,mfcc3V_sma3nz_amean,spearman,two-sided,48,-0.16580302160150762,[-0.43  0.12],0.260058062442658,0.5998186103033497,fdr_bh,0.20471745905912778,0.5998186103033497
PANSS_ItemP3,mfcc3V_sma3nz_amean,spearman,two-sided,48,-0.1527708198985857,[-0.42  0.14],0.29990930515167485,0.5998186103033497,fdr_bh,0.18037824411324388,0.5998186103033497
PANSS_ItemN1,mfcc3V_sma3nz_amean,spearman,two-sided,48,-0.023516680473006757,[-0.31  0.26],0.8739403399873921,0.8742818344724173,fdr_bh,0.05257901571662271,0.8742818344724173
PANSS_ItemN4,mfcc3V_sma3nz_amean,spearman,two-sided,48,-0.026615556463062698,[-0.31  0.26],0.8574909214298446,0.8742818344724173,fdr_bh,0.05339761828790961,0.8742818344724173
PANSS_ItemN6,mfcc3V_sma3nz_amean,spearman,two-sided,48,0.10111129017532174,[-0.19  0.37],0.4940953380777168,0.823492230129528,fdr_bh,0.10518040210917907,0.823492230129528
PANSS_ItemG2,mfcc3V_sma3nz_amean,spearman,two-sided,48,-0.2466990651171698,[-0.5   0.04],0.09095807859434483,0.45479039297172413,fdr_bh,0.39932728112196325,0.45479039297172413
PANSS_ItemG5,mfcc3V_sma3nz_amean,spearman,two-sided,48,0.02345245669972117,[-0.26  0.31],0.8742818344724173,0.8742818344724173,fdr_bh,0.052563130350883516,0.8742818344724173
PANSS_ItemG6,mfcc3V_sma3nz_amean,spearman,two-sided,48,-0.2957999035945167,[-0.53 -0.01],0.04122389379930649,0.4122389379930648,fdr_bh,0.5413403824141312,0.4122389379930648
PANSS_ItemG9,mfcc3V_sma3nz_amean,spearman,two-sided,48,-0.0814902980194616,[-0.36  0.21],0.5818967528012338,0.831281075430334,fdr_bh,0.08533191485151635,0.831281075430334
PANSS_ItemP1,loudnessPeaksPerSec,spearman,two-sided,48,-0.1826986973323075,[-0.44  0.11],0.21390435680899905,0.35650726134833177,fdr_bh,0.2394303565212574,0.35650726134833177
PANSS_ItemP2,loudnessPeaksPerSec,spearman,two-sided,48,-0.32343117867399024,[-0.56 -0.04],0.024936939877283272,0.08312313292427757,fdr_bh,0.6220128978269504,0.08312313292427757
PANSS_ItemP3,loudnessPeaksPerSec,spearman,two-sided,48,-0.12654055169332887,[-0.4   0.16],0.39142180318974973,0.5591740045567853,fdr_bh,0.1379618589322082,0.5591740045567853
PANSS_ItemN1,loudnessPeaksPerSec,spearman,two-sided,48,-0.3862675377692578,[-0.6  -0.11],0.0066933129683514865,0.03346656484175743,fdr_bh,0.7874947183566409,0.03346656484175743
PANSS_ItemN4,loudnessPeaksPerSec,spearman,two-sided,48,-0.02969735773773311,[-0.31  0.26],0.841191262382581,0.841191262382581,fdr_bh,0.05431322294350931,0.841191262382581
PANSS_ItemN6,loudnessPeaksPerSec,spearman,two-sided,48,-0.3923498585163359,[-0.61 -0.12],0.005812457513083392,0.03346656484175743,fdr_bh,0.8013023641132165,0.03346656484175743
PANSS_ItemG2,loudnessPeaksPerSec,spearman,two-sided,48,0.06698531366929023,[-0.22  0.34],0.6510072677599885,0.7233414086222094,fdr_bh,0.07359388505655665,0.7233414086222094
PANSS_ItemG5,loudnessPeaksPerSec,spearman,two-sided,48,-0.2690375709614302,[-0.51  0.02],0.06444779017775118,0.16111947544437794,fdr_bh,0.4629065457960521,0.16111947544437794
PANSS_ItemG6,loudnessPeaksPerSec,spearman,two-sided,48,-0.19281064683763008,[-0.45  0.1 ],0.18919017794978824,0.35650726134833177,fdr_bh,0.26185317306238903,0.35650726134833177
PANSS_ItemG9,loudnessPeaksPerSec,spearman,two-sided,48,0.10122922977346879,[-0.19  0.37],0.4935891400308542,0.6169864250385677,fdr_bh,0.10531384006564753,0.6169864250385677
PANSS_ItemP1,VoicedSegmentsPerSec,spearman,two-sided,48,-0.26749993796774335,[-0.51  0.02],0.06604808421680025,0.16512021054200063,fdr_bh,0.4584534850392816,0.16512021054200063
PANSS_ItemP2,VoicedSegmentsPerSec,spearman,two-sided,48,-0.17817012435054547,[-0.44  0.11],0.22567201109887144,0.4513440221977429,fdr_bh,0.2297830000781761,0.4513440221977429
PANSS_ItemP3,VoicedSegmentsPerSec,spearman,two-sided,48,-0.1395532238107805,[-0.41  0.15],0.3441449240785712,0.4916356058265304,fdr_bh,0.15790363525200612,0.4916356058265304
PANSS_ItemN1,VoicedSegmentsPerSec,spearman,two-sided,48,-0.6225253225212691,[-0.77 -0.41],2.309673560160887e-06,2.309673560160887e-05,fdr_bh,0.9985241620707578,2.309673560160887e-05
PANSS_ItemN4,VoicedSegmentsPerSec,spearman,two-sided,48,-0.2713385940471181,[-0.52  0.01],0.062110955453411935,0.16512021054200063,fdr_bh,0.46958657347751515,0.16512021054200063
PANSS_ItemN6,VoicedSegmentsPerSec,spearman,two-sided,48,-0.4244227946472175,[-0.63 -0.16],0.002642540152781302,0.01321270076390651,fdr_bh,0.8658171364523328,0.01321270076390651
PANSS_ItemG2,VoicedSegmentsPerSec,spearman,two-sided,48,0.03669105469453014,[-0.25  0.32],0.8044549939166862,0.8044549939166862,fdr_bh,0.05676870438217667,0.8044549939166862
PANSS_ItemG5,VoicedSegmentsPerSec,spearman,two-sided,48,-0.04710973834878488,[-0.33  0.24],0.7505160371863872,0.8044549939166862,fdr_bh,0.061408899821918134,0.8044549939166862
PANSS_ItemG6,VoicedSegmentsPerSec,spearman,two-sided,48,-0.146564081264896,[-0.41  0.14],0.32020313465620037,0.4916356058265304,fdr_bh,0.1695461084526085,0.4916356058265304
PANSS_ItemG9,VoicedSegmentsPerSec,spearman,two-sided,48,0.10276533341191293,[-0.19  0.38],0.4870207616229555,0.6087759520286943,fdr_bh,0.10706743390756784,0.6087759520286943
PANSS_ItemP1,MeanVoicedSegmentLengthSec,spearman,two-sided,48,0.15747875650112667,[-0.13  0.42],0.28508199066461604,0.7127049766615401,fdr_bh,0.18892246844042324,0.7127049766615401
PANSS_ItemP2,MeanVoicedSegmentLengthSec,spearman,two-sided,48,0.000838447644002567,[-0.28  0.28],0.9954873403803941,0.9954873403803941,fdr_bh,0.04967654914533694,0.9954873403803941
PANSS_ItemP3,MeanVoicedSegmentLengthSec,spearman,two-sided,48,0.07766618476400265,[-0.21  0.35],0.5997938676041679,0.9954873403803941,fdr_bh,0.08199910034380423,0.9954873403803941
PANSS_ItemN1,MeanVoicedSegmentLengthSec,spearman,two-sided,48,0.5056086301696453,[0.26 0.69],0.00024665323092081724,0.002466532309208172,fdr_bh,0.964737496716107,0.002466532309208172
PANSS_ItemN4,MeanVoicedSegmentLengthSec,spearman,two-sided,48,0.20241831099539787,[-0.09  0.46],0.16766070558461038,0.558869018615368,fdr_bh,0.2842465744461664,0.558869018615368
PANSS_ItemN6,MeanVoicedSegmentLengthSec,spearman,two-sided,48,0.287637158139877,[0.   0.53],0.047435251589155944,0.2371762579457797,fdr_bh,0.5173076945415939,0.2371762579457797
PANSS_ItemG2,MeanVoicedSegmentLengthSec,spearman,two-sided,48,-0.0561228303715675,[-0.33  0.23],0.7047771392544289,0.9954873403803941,fdr_bh,0.06638573619846905,0.9954873403803941
PANSS_ItemG5,MeanVoicedSegmentLengthSec,spearman,two-sided,48,0.011572609637853679,[-0.27  0.29],0.9377751594230535,0.9954873403803941,fdr_bh,0.05037548426812291,0.9954873403803941
PANSS_ItemG6,MeanVoicedSegmentLengthSec,spearman,two-sided,48,0.025763217409844996,[-0.26  0.31],0.8620096388184997,0.9954873403803941,fdr_bh,0.05316227433145457,0.9954873403803941
PANSS_ItemG9,MeanVoicedSegmentLengthSec,spearman,two-sided,48,-0.0692782740938307,[-0.35  0.22],0.639866953113813,0.9954873403803941,fdr_bh,0.07528713953398847,0.9954873403803941
PANSS_ItemP1,MeanUnvoicedSegmentLength,spearman,two-sided,48,0.2618594884759368,[-0.02  0.51],0.07219118611755601,0.1670693603479536,fdr_bh,0.4422015750697874,0.1670693603479536
PANSS_ItemP2,MeanUnvoicedSegmentLength,spearman,two-sided,48,0.2523727408447727,[-0.03  0.5 ],0.0835346801739768,0.1670693603479536,fdr_bh,0.41521680022001517,0.1670693603479536
PANSS_ItemP3,MeanUnvoicedSegmentLength,spearman,two-sided,48,0.1966245495542495,[-0.09  0.46],0.1804195096120795,0.3006991826867992,fdr_bh,0.2706184585150902,0.3006991826867992
PANSS_ItemN1,MeanUnvoicedSegmentLength,spearman,two-sided,48,0.47645521958326315,[0.22 0.67],0.0006185857936403642,0.006185857936403642,fdr_bh,0.9392714650395343,0.006185857936403642
PANSS_ItemN4,MeanUnvoicedSegmentLength,spearman,two-sided,48,0.17496226327560685,[-0.11  0.44],0.23427340196246693,0.33467628851780995,fdr_bh,0.2230999909823305,0.33467628851780995
PANSS_ItemN6,MeanUnvoicedSegmentLength,spearman,two-sided,48,0.353210004254921,[0.08 0.58],0.013795191849659744,0.06897595924829872,fdr_bh,0.7048805852908003,0.06897595924829872
PANSS_ItemG2,MeanUnvoicedSegmentLength,spearman,two-sided,48,0.01846622160612866,[-0.27  0.3 ],0.9008593287402553,0.9008593287402553,fdr_bh,0.05146332651359545,0.9008593287402553
PANSS_ItemG5,MeanUnvoicedSegmentLength,spearman,two-sided,48,0.049465225266224135,[-0.24  0.33],0.7384731238261353,0.8205256931401503,fdr_bh,0.06262267590341677,0.8205256931401503
PANSS_ItemG6,MeanUnvoicedSegmentLength,spearman,two-sided,48,0.29834441889425445,[0.02 0.54],0.03942986808808643,0.13143289362695476,fdr_bh,0.5488311249947454,0.13143289362695476
PANSS_ItemG9,MeanUnvoicedSegmentLength,spearman,two-sided,48,-0.12603730353434167,[-0.4   0.16],0.3933234479332499,0.4916543099165624,fdr_bh,0.13723404767937364,0.4916543099165624
PANSS_ItemP1,StddevUnvoicedSegmentLength,spearman,two-sided,48,0.214596411699765,[-0.07  0.47],0.14300221210689934,0.3446932616159204,fdr_bh,0.3140683216627946,0.3446932616159204
PANSS_ItemP2,StddevUnvoicedSegmentLength,spearman,two-sided,48,0.19368140576459297,[-0.1   0.45],0.18716146025641708,0.3446932616159204,fdr_bh,0.2638397746531749,0.3446932616159204
PANSS_ItemP3,StddevUnvoicedSegmentLength,spearman,two-sided,48,0.16895981355651765,[-0.12  0.43],0.25096517529239726,0.3446932616159204,fdr_bh,0.21093529306996617,0.3446932616159204
PANSS_ItemN1,StddevUnvoicedSegmentLength,spearman,two-sided,48,0.4598480792492326,[0.2  0.66],0.0010081438993950994,0.010081438993950993,fdr_bh,0.9199625230734849,0.010081438993950993
PANSS_ItemN4,StddevUnvoicedSegmentLength,spearman,two-sided,48,0.18392750334737537,[-0.11  0.44],0.2107864830463391,0.3446932616159204,fdr_bh,0.24209069029273506,0.3446932616159204
PANSS_ItemN6,StddevUnvoicedSegmentLength,spearman,two-sided,48,0.367139987108376,[0.09 0.59],0.010261128874381633,0.05130564437190816,fdr_bh,0.7411379028386752,0.05130564437190816
PANSS_ItemG2,StddevUnvoicedSegmentLength,spearman,two-sided,48,0.0015690253652266182,[-0.28  0.29],0.9915553628967269,0.9915553628967269,fdr_bh,0.049685771973812035,0.9915553628967269
PANSS_ItemG5,StddevUnvoicedSegmentLength,spearman,two-sided,48,0.08387581675577135,[-0.21  0.36],0.5708560917236976,0.6342845463596639,fdr_bh,0.0874983948688946,0.6342845463596639
PANSS_ItemG6,StddevUnvoicedSegmentLength,spearman,two-sided,48,0.23174173092361808,[-0.06  0.48],0.11299082635253016,0.3446932616159204,fdr_bh,0.3585233819597311,0.3446932616159204
PANSS_ItemG9,StddevUnvoicedSegmentLength,spearman,two-sided,48,-0.16052283021741257,[-0.43  0.13],0.2757546092927363,0.3446932616159204,fdr_bh,0.19459694010294154,0.3446932616159204
PANSS_ItemP1,FT_stat_Valley,spearman,two-sided,48,0.19430376007981745,[-0.1   0.45],0.18572103257751063,0.46430258144377656,fdr_bh,0.26526497144071354,0.46430258144377656
PANSS_ItemP2,FT_stat_Valley,spearman,two-sided,48,0.09914643390330355,[-0.19  0.37],0.5025678708750091,0.6282098385937613,fdr_bh,0.10298246869572372,0.6282098385937613
PANSS_ItemP3,FT_stat_Valley,spearman,two-sided,48,0.22767053106281515,[-0.06  0.48],0.11964005245739129,0.46430258144377656,fdr_bh,0.34772590762877686,0.46430258144377656
PANSS_ItemN1,FT_stat_Valley,spearman,two-sided,48,0.16237419326594096,[-0.13  0.43],0.2701814158756286,0.487385627843659,fdr_bh,0.19810543079895385,0.487385627843659
PANSS_ItemN4,FT_stat_Valley,spearman,two-sided,48,0.017650316391294208,[-0.27  0.3 ],0.9052192818553355,0.9052192818553355,fdr_bh,0.05130841590528457,0.9052192818553355
PANSS_ItemN6,FT_stat_Valley,spearman,two-sided,48,0.3451238190863301,[0.07 0.57],0.01628844076990884,0.16288440769908838,fdr_bh,0.6830128458739784,0.16288440769908838
PANSS_ItemG2,FT_stat_Valley,spearman,two-sided,48,-0.1459193589660755,[-0.41  0.14],0.3223597694787451,0.487385627843659,fdr_bh,0.16844917498300813,0.487385627843659
PANSS_ItemG5,FT_stat_Valley,spearman,two-sided,48,0.1404075027743132,[-0.15  0.41],0.3411699394905613,0.487385627843659,fdr_bh,0.15928859152432823,0.487385627843659
PANSS_ItemG6,FT_stat_Valley,spearman,two-sided,48,0.03250618295415011,[-0.25  0.31],0.8263923145919367,0.9052192818553355,fdr_bh,0.055236233182649995,0.9052192818553355
PANSS_ItemG9,FT_stat_Valley,spearman,two-sided,48,0.1960836294473944,[-0.09  0.45],0.18164534079227135,0.46430258144377656,fdr_bh,0.2693652348238979,0.46430258144377656
PANSS_ItemP1,BERT_Skew,spearman,two-sided,48,0.22399716085277585,[-0.06  0.48],0.12589012630966534,0.2960625821654892,fdr_bh,0.33810834490372604,0.2960625821654892
PANSS_ItemP2,BERT_Skew,spearman,two-sided,48,0.3179812689879735,[0.04 0.55],0.027631287587537075,0.15212716433470408,fdr_bh,0.6062805234303038,0.15212716433470408
PANSS_ItemP3,BERT_Skew,spearman,two-sided,48,0.21199384733076715,[-0.08  0.47],0.1480312910827446,0.2960625821654892,fdr_bh,0.3075658533979002,0.2960625821654892
PANSS_ItemN1,BERT_Skew,spearman,two-sided,48,0.234136434709343,[-0.05  0.49],0.1092134529283267,0.2960625821654892,fdr_bh,0.36493977822897083,0.2960625821654892
PANSS_ItemN4,BERT_Skew,spearman,two-sided,48,-0.09483543013417602,[-0.37  0.19],0.5214139743092374,0.6067284032891419,fdr_bh,0.09832551704128363,0.6067284032891419
PANSS_ItemN6,BERT_Skew,spearman,two-sided,48,0.31277907841196645,[0.03 0.55],0.03042543286694082,0.15212716433470408,fdr_bh,0.5911564537311006,0.15212716433470408
PANSS_ItemG2,BERT_Skew,spearman,two-sided,48,-0.08931375155905366,[-0.36  0.2 ],0.5460555629602277,0.6067284032891419,fdr_bh,0.09269022227694397,0.6067284032891419
PANSS_ItemG5,BERT_Skew,spearman,two-sided,48,0.08961091533736255,[-0.2   0.36],0.5447153380645481,0.6067284032891419,fdr_bh,0.09298413805537786,0.6067284032891419
PANSS_ItemG6,BERT_Skew,spearman,two-sided,48,0.0075063201342264445,[-0.28  0.29],0.9596162608820287,0.9596162608820287,fdr_bh,0.049968378914259426,0.9596162608820287
PANSS_ItemG9,BERT_Skew,spearman,two-sided,48,-0.15768103848629092,[-0.42  0.13],0.28445585357141273,0.4740930892856879,fdr_bh,0.18929589786242756,0.4740930892856879
PANSS_ItemP1,BERT_ApEn,spearman,two-sided,48,-0.18029988547947023,[-0.44  0.11],0.2200832778942384,0.550208194735596,fdr_bh,0.2342892262731976,0.550208194735596
PANSS_ItemP2,BERT_ApEn,spearman,two-sided,48,-0.047581903797145685,[-0.33  0.24],0.7480971740639775,0.8501552529329602,fdr_bh,0.061647306035198315,0.8501552529329602
PANSS_ItemP3,BERT_ApEn,spearman,two-sided,48,-0.20994460762723147,[-0.47  0.08],0.15208217726166617,0.5069405908722207,fdr_bh,0.3024943991912623,0.5069405908722207
PANSS_ItemN1,BERT_ApEn,spearman,two-sided,48,-0.31826311640143934,[-0.55 -0.04],0.02748622941541584,0.1374311470770792,fdr_bh,0.6070971533615771,0.1374311470770792
PANSS_ItemN4,BERT_ApEn,spearman,two-sided,48,-0.03908284343786575,[-0.32  0.25],0.7919825130124928,0.8501552529329602,fdr_bh,0.05772947979391685,0.8501552529329602
PANSS_ItemN6,BERT_ApEn,spearman,two-sided,48,-0.39173829829350126,[-0.61 -0.12],0.005896201222187948,0.058962012221879474,fdr_bh,0.7999355953736902,0.058962012221879474
PANSS_ItemG2,BERT_ApEn,spearman,two-sided,48,0.028001068056351955,[-0.26  0.31],0.8501552529329602,0.8501552529329602,fdr_bh,0.053796706732056845,0.8501552529329602
PANSS_ItemG5,BERT_ApEn,spearman,two-sided,48,-0.09104468998276037,[-0.37  0.2 ],0.5382712293862988,0.8501552529329602,fdr_bh,0.09441716964670244,0.8501552529329602
PANSS_ItemG6,BERT_ApEn,spearman,two-sided,48,-0.07353649216242178,[-0.35  0.22],0.619386841339052,0.8501552529329602,fdr_bh,0.07859241610999886,0.8501552529329602
PANSS_ItemG9,BERT_ApEn,spearman,two-sided,48,0.12150579780093143,[-0.17  0.39],0.4106892190683754,0.8213784381367508,fdr_bh,0.130825420821798,0.8213784381367508
PANSS_ItemP1,BERT_stat_Valley,spearman,two-sided,48,0.3550889869726927,[0.08 0.58],0.0132649581378422,0.033162395344605494,fdr_bh,0.7098804806535881,0.033162395344605494
PANSS_ItemP2,BERT_stat_Valley,spearman,two-sided,48,0.229944266367704,[-0.06  0.48],0.11589091563330206,0.21902146859106836,fdr_bh,0.3537386966213599,0.21902146859106836
PANSS_ItemP3,BERT_stat_Valley,spearman,two-sided,48,0.4083110109294863,[0.14 0.62],0.003963824295057255,0.013212747650190851,fdr_bh,0.8352027369624265,0.013212747650190851
PANSS_ItemN1,BERT_stat_Valley,spearman,two-sided,48,0.4609996692723953,[0.2  0.66],0.0009753368744828964,0.004876684372414482,fdr_bh,0.9214224951741945,0.004876684372414482
PANSS_ItemN4,BERT_stat_Valley,spearman,two-sided,48,0.13868105736016878,[-0.15  0.41],0.34719866359105944,0.4339983294888243,fdr_bh,0.15649932456633917,0.4339983294888243
PANSS_ItemN6,BERT_stat_Valley,spearman,two-sided,48,0.48544291465893724,[0.23 0.68],0.000469964036853968,0.00469964036853968,fdr_bh,0.9482124797244664,0.00469964036853968
PANSS_ItemG2,BERT_stat_Valley,spearman,two-sided,48,-0.025466488620216648,[-0.31  0.26],0.8635837939711497,0.8635837939711497,fdr_bh,0.05308215859925068,0.8635837939711497
PANSS_ItemG5,BERT_stat_Valley,spearman,two-sided,48,0.05776063571459712,[-0.23  0.34],0.6965700359360796,0.7739667065956439,fdr_bh,0.06738725908485992,0.7739667065956439
PANSS_ItemG6,BERT_stat_Valley,spearman,two-sided,48,0.22086392801723911,[-0.07  0.48],0.131412881154641,0.21902146859106836,fdr_bh,0.33000230654294826,0.21902146859106836
PANSS_ItemG9,BERT_stat_Valley,spearman,two-sided,48,0.16889459504693313,[-0.12  0.43],0.2511508331995208,0.358786904570744,fdr_bh,0.21080557486844012,0.358786904570744
PANSS_ItemP1,BERT_stat_Amp,spearman,two-sided,48,-0.3557373145004866,[-0.58 -0.08],0.01308609359303353,0.03271523398258382,fdr_bh,0.7115981396506394,0.03271523398258382
PANSS_ItemP2,BERT_stat_Amp,spearman,two-sided,48,-0.26536867932681246,[-0.51  0.02],0.0683183701369012,0.1366367402738024,fdr_bh,0.45229666276862385,0.1366367402738024
PANSS_ItemP3,BERT_stat_Amp,spearman,two-sided,48,-0.4072863910777184,[-0.62 -0.14],0.004064690847742589,0.013548969492475298,fdr_bh,0.833131349932044,0.013548969492475298
PANSS_ItemN1,BERT_stat_Amp,spearman,two-sided,48,-0.45542354916023914,[-0.65 -0.2 ],0.0011435712519813526,0.005717856259906762,fdr_bh,0.9141811222282035,0.005717856259906762
PANSS_ItemN4,BERT_stat_Amp,spearman,two-sided,48,-0.12831499852718645,[-0.4   0.16],0.38475981901876977,0.4809497737734622,fdr_bh,0.1405538438205377,0.4809497737734622
PANSS_ItemN6,BERT_stat_Amp,spearman,two-sided,48,-0.4963830475340896,[-0.68 -0.25],0.0003329063691000446,0.003329063691000446,fdr_bh,0.9577576818594927,0.003329063691000446
PANSS_ItemG2,BERT_stat_Amp,spearman,two-sided,48,0.05298477964111426,[-0.23  0.33],0.7205945101905693,0.7205945101905693,fdr_bh,0.06455060783123445,0.7205945101905693
PANSS_ItemG5,BERT_stat_Amp,spearman,two-sided,48,-0.09022539018539019,[-0.37  0.2 ],0.5419490448619133,0.6021656054021259,fdr_bh,0.09359526434231492,0.6021656054021259
PANSS_ItemG6,BERT_stat_Amp,spearman,two-sided,48,-0.20216174056416647,[-0.46  0.09],0.16821146176323745,0.2803524362720624,fdr_bh,0.28363522753847925,0.2803524362720624
PANSS_ItemG9,BERT_stat_Amp,spearman,two-sided,48,-0.15476244157324706,[-0.42  0.14],0.2935772538416216,0.4193960769166023,fdr_bh,0.1839583102387688,0.4193960769166023
PANSS_ItemP1,BERT_cuml_Valley,spearman,two-sided,48,0.39087666650691344,[0.12 0.61],0.006015971492141166,0.015039928730352913,fdr_bh,0.7980016933793587,0.015039928730352913
PANSS_ItemP2,BERT_cuml_Valley,spearman,two-sided,48,0.3609517107431051,[0.09 0.59],0.011721031733616506,0.023442063467233012,fdr_bh,0.7252677940466338,0.023442063467233012
PANSS_ItemP3,BERT_cuml_Valley,spearman,two-sided,48,0.4029829877002935,[0.13 0.62],0.004513336995816216,0.015039928730352913,fdr_bh,0.8242722430508875,0.015039928730352913
PANSS_ItemN1,BERT_cuml_Valley,spearman,two-sided,48,0.4191787684312234,[0.15 0.63],0.003021852182164344,0.015039928730352913,fdr_bh,0.8562605440049434,0.015039928730352913
PANSS_ItemN4,BERT_cuml_Valley,spearman,two-sided,48,0.11318615590607715,[-0.18  0.38],0.4436927367221002,0.5546159209026252,fdr_bh,0.1197355871515592,0.5546159209026252
PANSS_ItemN6,BERT_cuml_Valley,spearman,two-sided,48,0.4476620831149326,[0.19 0.65],0.0014208310515208427,0.014208310515208426,fdr_bh,0.9033717522776523,0.014208310515208426
PANSS_ItemG2,BERT_cuml_Valley,spearman,two-sided,48,-0.00784512682613309,[-0.29  0.28],0.9577951020670414,0.9577951020670414,fdr_bh,0.049995664474363405,0.9577951020670414
PANSS_ItemG5,BERT_cuml_Valley,spearman,two-sided,48,0.07138149484587622,[-0.22  0.35],0.6297169912260778,0.6996855458067531,fdr_bh,0.07689348031704644,0.6996855458067531
PANSS_ItemG6,BERT_cuml_Valley,spearman,two-sided,48,0.21431180112041434,[-0.07  0.47],0.14354592386417228,0.20506560552024614,fdr_bh,0.3133539059142276,0.20506560552024614
PANSS_ItemG9,BERT_cuml_Valley,spearman,two-sided,48,0.2663603709062138,[-0.02  0.51],0.06725439123155245,0.11209065205258743,fdr_bh,0.4551591829093054,0.11209065205258743
PANSS_ItemP1,BERT_cuml_Amp,spearman,two-sided,48,-0.3913953285291485,[-0.61 -0.12],0.005943624164280469,0.014438366950886558,fdr_bh,0.7991669661136968,0.014438366950886558
PANSS_ItemP2,BERT_cuml_Amp,spearman,two-sided,48,-0.38296096139817243,[-0.6  -0.11],0.007219183475443279,0.014438366950886558,fdr_bh,0.7797920295853586,0.014438366950886558
PANSS_ItemP3,BERT_cuml_Amp,spearman,two-sided,48,-0.41261441430691126,[-0.62 -0.15],0.0035637804244928544,0.012628292026610614,fdr_bh,0.8437416100995434,0.012628292026610614
PANSS_ItemN1,BERT_cuml_Amp,spearman,two-sided,48,-0.4101478782495791,[-0.62 -0.14],0.0037884876079831843,0.012628292026610614,fdr_bh,0.8388793699606729,0.012628292026610614
PANSS_ItemN4,BERT_cuml_Amp,spearman,two-sided,48,-0.1022597695686093,[-0.38  0.19],0.4891774983381393,0.611471872922674,fdr_bh,0.10648708186800802,0.611471872922674
PANSS_ItemN6,BERT_cuml_Amp,spearman,two-sided,48,-0.43787711954957886,[-0.64 -0.18],0.0018548342927350583,0.012628292026610614,fdr_bh,0.8885134172031645,0.012628292026610614
PANSS_ItemG2,BERT_cuml_Amp,spearman,two-sided,48,0.015569559393402597,[-0.27  0.3 ],0.9163504430915164,0.9163504430915164,fdr_bh,0.050945179965197616,0.9163504430915164
PANSS_ItemG5,BERT_cuml_Amp,spearman,two-sided,48,-0.07138149484587622,[-0.35  0.22],0.6297169912260778,0.6996855458067531,fdr_bh,0.07689348031704644,0.6996855458067531
PANSS_ItemG6,BERT_cuml_Amp,spearman,two-sided,48,-0.20763244845860265,[-0.46  0.08],0.15675010989461793,0.22392872842088277,fdr_bh,0.2968245428564741,0.22392872842088277
PANSS_ItemG9,BERT_cuml_Amp,spearman,two-sided,48,-0.2486951790641062,[-0.5   0.04],0.08829004177257928,0.14715006962096547,fdr_bh,0.4048942135852529,0.14715006962096547
PANSS_ItemP1,pmt2rsp,spearman,two-sided,48,-0.605408245453899,[-0.76 -0.39],5.146907229073599e-06,5.146907229073599e-05,fdr_bh,0.997341583530121,5.146907229073599e-05
PANSS_ItemP2,pmt2rsp,spearman,two-sided,48,-0.42467373168730027,[-0.63 -0.16],0.002625494338898908,0.008751647796329694,fdr_bh,0.8662644818013625,0.008751647796329694
PANSS_ItemP3,pmt2rsp,spearman,two-sided,48,-0.34109594865351567,[-0.57 -0.06],0.017666905808771803,0.044167264521929504,fdr_bh,0.6719231931384217,0.044167264521929504
PANSS_ItemN1,pmt2rsp,spearman,two-sided,48,-0.4448167989468984,[-0.65 -0.18],0.0015365832862625985,0.007682916431312992,fdr_bh,0.8991936125906391,0.007682916431312992
PANSS_ItemN4,pmt2rsp,spearman,two-sided,48,-0.2447230375840554,[-0.49  0.04],0.09366059814569906,0.11707574768212382,fdr_bh,0.3938425421527413,0.11707574768212382
PANSS_ItemN6,pmt2rsp,spearman,two-sided,48,-0.2968105614823961,[-0.54 -0.01],0.040503481935267004,0.06750580322544501,fdr_bh,0.5443160521252406,0.06750580322544501
PANSS_ItemG2,pmt2rsp,spearman,two-sided,48,-0.15991989299425147,[-0.42  0.13],0.2775858944111073,0.2775858944111073,fdr_bh,0.19346367716459553,0.2775858944111073
PANSS_ItemG5,pmt2rsp,spearman,two-sided,48,-0.16560097154344602,[-0.43  0.12],0.26064746258126437,0.2775858944111073,fdr_bh,0.2043237354807417,0.2775858944111073
PANSS_ItemG6,pmt2rsp,spearman,two-sided,48,-0.31870054129215664,[-0.55 -0.04],0.027262358362276355,0.05452471672455271,fdr_bh,0.6083639437568494,0.05452471672455271
PANSS_ItemG9,pmt2rsp,spearman,two-sided,48,-0.2837183420206325,[-0.53  0.  ],0.050676623461246226,0.0723951763732089,fdr_bh,0.5057865016721707,0.0723951763732089
PANSS_ItemP1,PUNCT_PosR,spearman,two-sided,48,0.03585251228700002,[-0.25  0.32],0.8088393398777726,0.8790307615987104,fdr_bh,0.05644651228105396,0.8790307615987104
PANSS_ItemP2,PUNCT_PosR,spearman,two-sided,48,0.12388063940137926,[-0.17  0.39],0.4015339993985193,0.8790307615987104,fdr_bh,0.13415149662991407,0.8790307615987104
PANSS_ItemP3,PUNCT_PosR,spearman,two-sided,48,0.029304127760560367,[-0.26  0.31],0.8432675453545989,0.8790307615987104,fdr_bh,0.05419074659028448,0.8790307615987104
PANSS_ItemN1,PUNCT_PosR,spearman,two-sided,48,-0.057943161165449626,[-0.34  0.23],0.6956574971951697,0.8790307615987104,fdr_bh,0.06750073799733643,0.8790307615987104
PANSS_ItemN4,PUNCT_PosR,spearman,two-sided,48,-0.22441116554645493,[-0.48  0.06],0.12517366484470055,0.8790307615987104,fdr_bh,0.3391862027931363,0.8790307615987104
PANSS_ItemN6,PUNCT_PosR,spearman,two-sided,48,-0.02255977710900996,[-0.3   0.26],0.8790307615987104,0.8790307615987104,fdr_bh,0.05234686630790525,0.8790307615987104
PANSS_ItemG2,PUNCT_PosR,spearman,two-sided,48,0.19033484622787514,[-0.1   0.45],0.19504388166265302,0.8790307615987104,fdr_bh,0.2562524735448252,0.8790307615987104
PANSS_ItemG5,PUNCT_PosR,spearman,two-sided,48,0.08961091533736255,[-0.2   0.36],0.5447153380645481,0.8790307615987104,fdr_bh,0.09298413805537786,0.8790307615987104
PANSS_ItemG6,PUNCT_PosR,spearman,two-sided,48,-0.033078698896591104,[-0.31  0.25],0.8233830087994809,0.8790307615987104,fdr_bh,0.05543475318604968,0.8790307615987104
PANSS_ItemG9,PUNCT_PosR,spearman,two-sided,48,-0.13832613264189478,[-0.41  0.15],0.34844612857098844,0.8790307615987104,fdr_bh,0.15593063523838308,0.8790307615987104
PANSS_ItemP1,Person3R,spearman,two-sided,48,0.23229575320853715,[-0.06  0.48],0.1121081915381183,0.36397762349519036,fdr_bh,0.3600036197755361,0.36397762349519036
PANSS_ItemP2,Person3R,spearman,two-sided,48,0.19116606283258528,[-0.1   0.45],0.19306443294803377,0.36397762349519036,fdr_bh,0.2581249250258751,0.36397762349519036
PANSS_ItemP3,Person3R,spearman,two-sided,48,0.1651687201049766,[-0.12  0.43],0.2619113816154004,0.37415911659342915,fdr_bh,0.20348315178857435,0.37415911659342915
PANSS_ItemN1,Person3R,spearman,two-sided,48,0.20152825405347286,[-0.09  0.46],0.16957693094375414,0.36397762349519036,fdr_bh,0.28212886007643884,0.36397762349519036
PANSS_ItemN4,Person3R,spearman,two-sided,48,0.1989162640923633,[-0.09  0.46],0.17529193326452316,0.36397762349519036,fdr_bh,0.2759644685777379,0.36397762349519036
PANSS_ItemN6,Person3R,spearman,two-sided,48,0.18095387482317327,[-0.11  0.44],0.2183865740971142,0.36397762349519036,fdr_bh,0.2356839819028571,0.36397762349519036
PANSS_ItemG2,Person3R,spearman,two-sided,48,0.10138317744541224,[-0.19  0.37],0.49292879908318754,0.49292879908318754,fdr_bh,0.10548827519605534,0.49292879908318754
PANSS_ItemG5,Person3R,spearman,two-sided,48,0.12484080662427996,[-0.17  0.39],0.3978663713472458,0.4563437400000625,fdr_bh,0.1355165763256733,0.4563437400000625
PANSS_ItemG6,Person3R,spearman,two-sided,48,0.12150060556247888,[-0.17  0.39],0.41070936600005625,0.4563437400000625,fdr_bh,0.13081822718456826,0.4563437400000625
PANSS_ItemG9,Person3R,spearman,two-sided,48,0.33026228226549,[0.05 0.56],0.021873700976786217,0.21873700976786217,fdr_bh,0.6415328482893984,0.21873700976786217
PANSS_ItemP1,Negation,spearman,two-sided,48,0.1827635300850869,[-0.11  0.44],0.2137390559726044,0.8459742907497597,fdr_bh,0.23957026609947382,0.8459742907497597
PANSS_ItemP2,Negation,spearman,two-sided,48,0.002934566754008984,[-0.28  0.29],0.9842066073055368,0.9842066073055368,fdr_bh,0.04971802078259276,0.9842066073055368
PANSS_ItemP3,Negation,spearman,two-sided,48,0.13279073278911271,[-0.16  0.4 ],0.36825662623229427,0.8459742907497597,fdr_bh,0.14727007416503138,0.8459742907497597
PANSS_ItemN1,Negation,spearman,two-sided,48,0.15734356316475653,[-0.13  0.42],0.2855009658057912,0.8459742907497597,fdr_bh,0.1886731799577111,0.8459742907497597
PANSS_ItemN4,Negation,spearman,two-sided,48,0.07928634188470254,[-0.21  0.36],0.5921820035248317,0.8459742907497597,fdr_bh,0.08339010157507869,0.8459742907497597
PANSS_ItemN6,Negation,spearman,two-sided,48,0.05089540076701344,[-0.24  0.33],0.7311910074840982,0.9139887593551227,fdr_bh,0.0633895336090552,0.9139887593551227
PANSS_ItemG2,Negation,spearman,two-sided,48,-0.09522777024336936,[-0.37  0.19],0.5196843851042432,0.8459742907497597,fdr_bh,0.09873997525184781,0.8459742907497597
PANSS_ItemG5,Negation,spearman,two-sided,48,-0.08141791736366084,[-0.36  0.21],0.5822332476064606,0.8459742907497597,fdr_bh,0.08526723313608965,0.8459742907497597
PANSS_ItemG6,Negation,spearman,two-sided,48,-0.14802717756224523,[-0.41  0.14],0.315342915217521,0.8459742907497597,fdr_bh,0.17205516429208384,0.8459742907497597
PANSS_ItemG9,Negation,spearman,two-sided,48,-0.007142881918765247,[-0.29  0.28],0.9615700457605585,0.9842066073055368,fdr_bh,0.04994044973067732,0.9842066073055368
PANSS_ItemP1,DepthMean,spearman,two-sided,48,-0.22762779500842145,[-0.48  0.06],0.1197113884898682,0.199518980816447,fdr_bh,0.34761332541448414,0.199518980816447
PANSS_ItemP2,DepthMean,spearman,two-sided,48,-0.1104654770973382,[-0.38  0.18],0.4547947345050586,0.6497067635786552,fdr_bh,0.11629773684060246,0.6497067635786552
PANSS_ItemP3,DepthMean,spearman,two-sided,48,-0.26076575227491655,[-0.51  0.03],0.07343314960282216,0.1468662992056443,fdr_bh,0.4390667144771202,0.1468662992056443
PANSS_ItemN1,DepthMean,spearman,two-sided,48,-0.28104857565291835,[-0.52  0.  ],0.05298590062702012,0.1468662992056443,fdr_bh,0.4979502778059489,0.1468662992056443
PANSS_ItemN4,DepthMean,spearman,two-sided,48,-0.042024562836414786,[-0.32  0.25],0.7767129211328482,0.7767129211328482,fdr_bh,0.058996286059709295,0.7767129211328482
PANSS_ItemN6,DepthMean,spearman,two-sided,48,-0.35776273035824535,[-0.58 -0.08],0.012540531947421548,0.12540531947421546,fdr_bh,0.7169388537516105,0.12540531947421546
PANSS_ItemG2,DepthMean,spearman,two-sided,48,-0.28049345759897387,[-0.52  0.  ],0.05347657760152097,0.1468662992056443,fdr_bh,0.49632253803553267,0.1468662992056443
PANSS_ItemG5,DepthMean,spearman,two-sided,48,-0.06953807030179335,[-0.35  0.22],0.6386096159392292,0.7095662399324768,fdr_bh,0.07548279893505098,0.7095662399324768
PANSS_ItemG6,DepthMean,spearman,two-sided,48,-0.26125810840057634,[-0.51  0.02],0.07287199266372901,0.1468662992056443,fdr_bh,0.4404771955136776,0.1468662992056443
PANSS_ItemG9,DepthMean,spearman,two-sided,48,0.07642115601259594,[-0.21  0.35],0.6056722191482596,0.7095662399324768,fdr_bh,0.08095107997599017,0.7095662399324768
PANSS_ItemP1,Depth,spearman,two-sided,48,-0.22049619220268907,[-0.47  0.07],0.13207278852458876,0.22012131420764794,fdr_bh,0.3290569528534349,0.22012131420764794
PANSS_ItemP2,Depth,spearman,two-sided,48,-0.10417711976731896,[-0.38  0.19],0.4810244750771788,0.6871778215388269,fdr_bh,0.1087047604365644,0.6871778215388269
PANSS_ItemP3,Depth,spearman,two-sided,48,-0.2810532253399199,[-0.52  0.  ],0.05298180611406437,0.16922448614151547,fdr_bh,0.49796391434838116,0.16922448614151547
PANSS_ItemN1,Depth,spearman,two-sided,48,-0.2758967255492958,[-0.52  0.01],0.057682173541923266,0.16922448614151547,fdr_bh,0.4828699883888425,0.16922448614151547
PANSS_ItemN4,Depth,spearman,two-sided,48,-0.027596129595912372,[-0.31  0.26],0.8522979539453283,0.8522979539453283,fdr_bh,0.053677948489078364,0.8522979539453283
PANSS_ItemN6,Depth,spearman,two-sided,48,-0.35674346332018764,[-0.58 -0.08],0.012812595318508131,0.1281259531850813,fdr_bh,0.7142560398292561,0.1281259531850813
PANSS_ItemG2,Depth,spearman,two-sided,48,-0.2655273694998892,[-0.51  0.02],0.06814721911382299,0.16922448614151547,fdr_bh,0.4527544473934293,0.16922448614151547
PANSS_ItemG5,Depth,spearman,two-sided,48,-0.0700501326751497,[-0.35  0.22],0.6361343269899429,0.7068159188777143,fdr_bh,0.07587072281636813,0.7068159188777143
PANSS_ItemG6,Depth,spearman,two-sided,48,-0.25152533737907934,[-0.5   0.04],0.08461224307075774,0.16922448614151547,fdr_bh,0.41283083734944354,0.16922448614151547
PANSS_ItemG9,Depth,spearman,two-sided,48,0.08771151775516037,[-0.2   0.36],0.553308838622526,0.6916360482781575,fdr_bh,0.09112376482757666,0.6916360482781575
